-- MySQL dump 10.13  Distrib 8.0.26, for Linux (x86_64)
--
-- Host: localhost    Database: rielty
-- ------------------------------------------------------
-- Server version	8.0.26-0ubuntu0.20.04.2

/*!40101 SET @OLD_CHARACTER_SET_CLIENT=@@CHARACTER_SET_CLIENT */;
/*!40101 SET @OLD_CHARACTER_SET_RESULTS=@@CHARACTER_SET_RESULTS */;
/*!40101 SET @OLD_COLLATION_CONNECTION=@@COLLATION_CONNECTION */;
/*!50503 SET NAMES utf8mb4 */;
/*!40103 SET @OLD_TIME_ZONE=@@TIME_ZONE */;
/*!40103 SET TIME_ZONE='+00:00' */;
/*!40014 SET @OLD_UNIQUE_CHECKS=@@UNIQUE_CHECKS, UNIQUE_CHECKS=0 */;
/*!40014 SET @OLD_FOREIGN_KEY_CHECKS=@@FOREIGN_KEY_CHECKS, FOREIGN_KEY_CHECKS=0 */;
/*!40101 SET @OLD_SQL_MODE=@@SQL_MODE, SQL_MODE='NO_AUTO_VALUE_ON_ZERO' */;
/*!40111 SET @OLD_SQL_NOTES=@@SQL_NOTES, SQL_NOTES=0 */;

--
-- Temporary view structure for view `all_info_about_active_objects`
--

DROP TABLE IF EXISTS `all_info_about_active_objects`;
/*!50001 DROP VIEW IF EXISTS `all_info_about_active_objects`*/;
SET @saved_cs_client     = @@character_set_client;
/*!50503 SET character_set_client = utf8mb4 */;
/*!50001 CREATE VIEW `all_info_about_active_objects` AS SELECT 
 1 AS `id`,
 1 AS `object type`,
 1 AS `deal type`,
 1 AS `square_meters`,
 1 AS `price`,
 1 AS `state`,
 1 AS `city`,
 1 AS `adress`,
 1 AS `rieltor`,
 1 AS `owner`,
 1 AS `phone_owner`*/;
SET character_set_client = @saved_cs_client;

--
-- Table structure for table `closed_deals`
--

DROP TABLE IF EXISTS `closed_deals`;
/*!40101 SET @saved_cs_client     = @@character_set_client */;
/*!50503 SET character_set_client = utf8mb4 */;
CREATE TABLE `closed_deals` (
  `id` bigint unsigned NOT NULL AUTO_INCREMENT,
  `objects_id` bigint unsigned NOT NULL,
  `comission` int unsigned NOT NULL,
  `personal_encome` int unsigned DEFAULT NULL,
  `company_encome` int unsigned DEFAULT NULL,
  PRIMARY KEY (`id`),
  UNIQUE KEY `id` (`id`),
  KEY `objects_id` (`objects_id`),
  CONSTRAINT `closed_deals_ibfk_1` FOREIGN KEY (`objects_id`) REFERENCES `objects` (`id`)
) ENGINE=InnoDB AUTO_INCREMENT=160 DEFAULT CHARSET=utf8mb4 COLLATE=utf8mb4_0900_ai_ci;
/*!40101 SET character_set_client = @saved_cs_client */;

--
-- Dumping data for table `closed_deals`
--

LOCK TABLES `closed_deals` WRITE;
/*!40000 ALTER TABLE `closed_deals` DISABLE KEYS */;
INSERT INTO `closed_deals` VALUES (1,184,21315,6395,14921),(2,235,11788,3536,8252),(3,180,41124,12337,28787),(4,41,51490,15447,36043),(5,134,13928,4178,9750),(6,493,37387,11216,26171),(7,110,37620,11286,26334),(8,59,29934,8980,20954),(9,249,9975,2993,6983),(10,341,32042,9613,22429),(11,127,48095,14429,33667),(12,455,5262,1579,3683),(13,23,26617,7985,18632),(14,478,27532,8260,19272),(15,255,31917,9575,22342),(16,177,45828,13748,32080),(17,227,11068,3320,7748),(18,64,37609,11283,26326),(19,447,31823,9547,22276),(20,270,56664,16999,39665),(21,303,38971,11691,27280),(22,125,23925,7178,16748),(23,46,9915,2975,6941),(24,241,14902,4471,10431),(25,313,56719,17016,39703),(26,490,38820,11646,27174),(27,291,21091,6327,14764),(28,145,13466,4040,9426),(29,452,52273,15682,36591),(30,361,21671,6501,15170),(31,463,22326,6698,15628),(32,297,11754,3526,8228),(33,173,50675,15203,35473),(34,220,55022,16507,38515),(35,213,20882,6265,14617),(36,445,14439,4332,10107),(37,3,10058,3017,7041),(38,129,6210,1863,4347),(39,195,18824,5647,13177),(40,60,59891,17967,41924),(41,338,31079,9324,21755),(42,218,10602,3181,7421),(43,52,21490,6447,15043),(44,439,31281,9384,21897),(45,130,33322,9997,23325),(46,96,48034,14410,33624),(47,138,52204,15661,36543),(48,456,39734,11920,27814),(49,482,43107,12932,30175),(50,19,25030,7509,17521),(51,153,42118,12635,29483),(52,412,38478,11543,26935),(53,209,46165,13850,32316),(54,197,58331,17499,40832),(55,298,54796,16439,38357),(56,252,51888,15566,36322),(57,309,51424,15427,35997),(58,423,56581,16974,39607),(59,95,22638,6791,15847),(60,183,46512,13954,32558),(61,191,6049,1815,4234),(62,97,36112,10834,25278),(63,101,16491,4947,11544),(64,57,32868,9860,23008),(65,192,16136,4841,11295),(66,384,17061,5118,11943),(67,279,39294,11788,27506),(68,498,56683,17005,39678),(69,369,51633,15490,36143),(70,169,47598,14279,33319),(71,425,42632,12790,29842),(72,198,26762,8029,18733),(73,368,34606,10382,24224),(74,102,19158,5747,13411),(75,112,7262,2179,5083),(76,172,36047,10814,25233),(77,104,46427,13928,32499),(78,116,3599,1080,2519),(79,239,12051,3615,8436),(80,75,52467,15740,36727),(81,69,15478,4643,10835),(82,190,42012,12604,29408),(83,168,9519,2856,6663),(84,100,57818,17345,40473),(85,380,41543,12463,29080),(86,399,14216,4265,9951),(87,233,50102,15031,35071),(88,13,19942,5983,13959),(89,306,36779,11034,25745),(90,321,54625,16388,38238),(91,170,11956,3587,8369),(92,418,8037,2411,5626),(93,152,50136,15041,35095),(94,7,14511,4353,10158),(95,472,36786,11036,25750),(96,495,32917,9875,23042),(97,411,15649,4695,10954),(98,442,28471,8541,19930),(99,374,19004,5701,13303),(100,51,11409,3423,7986),(101,2,15256,4577,10679),(102,8,41955,12587,29369),(103,307,34138,10241,23897),(104,311,49349,14805,34544),(105,167,58625,17588,41038),(106,375,5197,1559,3638),(107,284,43554,13066,30488),(108,17,41598,12479,29119),(109,99,46505,13952,32554),(110,142,51906,15572,36334),(111,131,47403,14221,33182),(112,491,48685,14606,34080),(113,141,32374,9712,22662),(114,295,9441,2832,6609),(115,49,34998,10499,24499),(116,89,27514,8254,19260),(117,111,45295,13589,31707),(118,126,36790,11037,25753),(119,358,20813,6244,14569),(120,370,59093,17728,41365),(121,494,43033,12910,30123),(122,488,23820,7146,16674),(123,186,43172,12952,30220),(124,248,53920,16176,37744),(125,293,9571,2871,6700),(126,345,50831,15249,35582),(127,354,42753,12826,29927),(128,68,21178,6353,14825),(129,499,10606,3182,7424),(130,315,11364,3409,7955),(131,470,57885,17366,40520),(132,193,43249,12975,30274),(133,403,57717,17315,40402),(134,449,8224,2467,5757),(135,151,59098,17729,41369),(136,272,4756,1427,3329),(137,398,59322,17797,41525),(138,496,11748,3524,8224),(139,63,35960,10788,25172),(140,386,44643,13393,31250),(141,314,53959,16188,37771),(142,414,3115,935,2181),(143,350,18562,5569,12993),(144,115,20582,6175,14407),(145,487,56791,17037,39754),(146,187,46411,13923,32488),(147,286,32531,9759,22772),(148,359,42657,12797,29860),(149,357,7360,2208,5152),(150,236,19243,5773,13470),(155,4,58622,17587,41035),(156,4,58622,17587,41035),(157,481,53336,16001,37335),(158,4,58622,17587,41035),(159,4,58622,17587,41035);
/*!40000 ALTER TABLE `closed_deals` ENABLE KEYS */;
UNLOCK TABLES;
/*!50003 SET @saved_cs_client      = @@character_set_client */ ;
/*!50003 SET @saved_cs_results     = @@character_set_results */ ;
/*!50003 SET @saved_col_connection = @@collation_connection */ ;
/*!50003 SET character_set_client  = utf8mb4 */ ;
/*!50003 SET character_set_results = utf8mb4 */ ;
/*!50003 SET collation_connection  = utf8mb4_0900_ai_ci */ ;
/*!50003 SET @saved_sql_mode       = @@sql_mode */ ;
/*!50003 SET sql_mode              = 'ONLY_FULL_GROUP_BY,STRICT_TRANS_TABLES,NO_ZERO_IN_DATE,NO_ZERO_DATE,ERROR_FOR_DIVISION_BY_ZERO,NO_ENGINE_SUBSTITUTION' */ ;
DELIMITER ;;
/*!50003 CREATE*/ /*!50017 DEFINER=`Kakorinis`@`localhost`*/ /*!50003 TRIGGER `delete_photo` AFTER INSERT ON `closed_deals` FOR EACH ROW begin
delete from photos where object_profile_id = NEW.objects_id;
end */;;
DELIMITER ;
/*!50003 SET sql_mode              = @saved_sql_mode */ ;
/*!50003 SET character_set_client  = @saved_cs_client */ ;
/*!50003 SET character_set_results = @saved_cs_results */ ;
/*!50003 SET collation_connection  = @saved_col_connection */ ;
/*!50003 SET @saved_cs_client      = @@character_set_client */ ;
/*!50003 SET @saved_cs_results     = @@character_set_results */ ;
/*!50003 SET @saved_col_connection = @@collation_connection */ ;
/*!50003 SET character_set_client  = utf8mb4 */ ;
/*!50003 SET character_set_results = utf8mb4 */ ;
/*!50003 SET collation_connection  = utf8mb4_0900_ai_ci */ ;
/*!50003 SET @saved_sql_mode       = @@sql_mode */ ;
/*!50003 SET sql_mode              = 'ONLY_FULL_GROUP_BY,STRICT_TRANS_TABLES,NO_ZERO_IN_DATE,NO_ZERO_DATE,ERROR_FOR_DIVISION_BY_ZERO,NO_ENGINE_SUBSTITUTION' */ ;
DELIMITER ;;
/*!50003 CREATE*/ /*!50017 DEFINER=`Kakorinis`@`localhost`*/ /*!50003 TRIGGER `the_fustest_deal` AFTER INSERT ON `closed_deals` FOR EACH ROW begin 
	set @x = TIME_TO_SEC((TIMEDIFF((select closing_date from objects where id = new.objects_id), (select created_at from objects where id = new.objects_id)))) / 3600; 
	if @x < (select the_result from top_deals where about_deal = 'The fustest deal')
	then 
	update top_deals
	set the_result = @x,
	personal_name = (select name from personal as p join objects as o on p.id = o.personal_id where o.id = new.objects_id)
	where about_deal = 'The fustest deal';
	end if;
end */;;
DELIMITER ;
/*!50003 SET sql_mode              = @saved_sql_mode */ ;
/*!50003 SET character_set_client  = @saved_cs_client */ ;
/*!50003 SET character_set_results = @saved_cs_results */ ;
/*!50003 SET collation_connection  = @saved_col_connection */ ;
/*!50003 SET @saved_cs_client      = @@character_set_client */ ;
/*!50003 SET @saved_cs_results     = @@character_set_results */ ;
/*!50003 SET @saved_col_connection = @@collation_connection */ ;
/*!50003 SET character_set_client  = utf8mb4 */ ;
/*!50003 SET character_set_results = utf8mb4 */ ;
/*!50003 SET collation_connection  = utf8mb4_0900_ai_ci */ ;
/*!50003 SET @saved_sql_mode       = @@sql_mode */ ;
/*!50003 SET sql_mode              = 'ONLY_FULL_GROUP_BY,STRICT_TRANS_TABLES,NO_ZERO_IN_DATE,NO_ZERO_DATE,ERROR_FOR_DIVISION_BY_ZERO,NO_ENGINE_SUBSTITUTION' */ ;
DELIMITER ;;
/*!50003 CREATE*/ /*!50017 DEFINER=`Kakorinis`@`localhost`*/ /*!50003 TRIGGER `the_biggest_encome` AFTER INSERT ON `closed_deals` FOR EACH ROW begin 
	if new.company_encome  > (select the_result from top_deals where about_deal = 'The biggest encome')
	then 
	update top_deals
	set the_result = new.company_encome,
	personal_name = (select name from personal as p join objects as o on p.id = o.personal_id where o.id = new.objects_id)
	where about_deal = 'The biggest encome';
	end if;
end */;;
DELIMITER ;
/*!50003 SET sql_mode              = @saved_sql_mode */ ;
/*!50003 SET character_set_client  = @saved_cs_client */ ;
/*!50003 SET character_set_results = @saved_cs_results */ ;
/*!50003 SET collation_connection  = @saved_col_connection */ ;

--
-- Temporary view structure for view `commerce`
--

DROP TABLE IF EXISTS `commerce`;
/*!50001 DROP VIEW IF EXISTS `commerce`*/;
SET @saved_cs_client     = @@character_set_client;
/*!50503 SET character_set_client = utf8mb4 */;
/*!50001 CREATE VIEW `commerce` AS SELECT 
 1 AS `type`,
 1 AS `square_meters`,
 1 AS `price`,
 1 AS `state`,
 1 AS `city`*/;
SET character_set_client = @saved_cs_client;

--
-- Table structure for table `deal_type`
--

DROP TABLE IF EXISTS `deal_type`;
/*!40101 SET @saved_cs_client     = @@character_set_client */;
/*!50503 SET character_set_client = utf8mb4 */;
CREATE TABLE `deal_type` (
  `id` int unsigned NOT NULL AUTO_INCREMENT,
  `type` varchar(50) NOT NULL,
  PRIMARY KEY (`id`),
  UNIQUE KEY `type` (`type`)
) ENGINE=InnoDB AUTO_INCREMENT=3 DEFAULT CHARSET=utf8mb4 COLLATE=utf8mb4_0900_ai_ci;
/*!40101 SET character_set_client = @saved_cs_client */;

--
-- Dumping data for table `deal_type`
--

LOCK TABLES `deal_type` WRITE;
/*!40000 ALTER TABLE `deal_type` DISABLE KEYS */;
INSERT INTO `deal_type` VALUES (1,'rent'),(2,'sale');
/*!40000 ALTER TABLE `deal_type` ENABLE KEYS */;
UNLOCK TABLES;

--
-- Table structure for table `object_profile`
--

DROP TABLE IF EXISTS `object_profile`;
/*!40101 SET @saved_cs_client     = @@character_set_client */;
/*!50503 SET character_set_client = utf8mb4 */;
CREATE TABLE `object_profile` (
  `id` bigint unsigned NOT NULL,
  `city` varchar(50) NOT NULL,
  `adress` varchar(50) NOT NULL,
  `price` int unsigned NOT NULL,
  `square_meters` int unsigned NOT NULL,
  `owner` varchar(50) NOT NULL,
  `phone_owner` varchar(15) DEFAULT NULL,
  PRIMARY KEY (`id`),
  UNIQUE KEY `phone_owner` (`phone_owner`),
  KEY `price_idx` (`price`),
  KEY `sq_metr_idx` (`square_meters`),
  KEY `city_idx` (`city`),
  CONSTRAINT `object_profile_ibfk_1` FOREIGN KEY (`id`) REFERENCES `objects` (`id`)
) ENGINE=InnoDB DEFAULT CHARSET=utf8mb4 COLLATE=utf8mb4_0900_ai_ci;
/*!40101 SET character_set_client = @saved_cs_client */;

--
-- Dumping data for table `object_profile`
--

LOCK TABLES `object_profile` WRITE;
/*!40000 ALTER TABLE `object_profile` DISABLE KEYS */;
INSERT INTO `object_profile` VALUES (1,'Thibodaux','7 Southridge Street',1636648,310,'Lesli Haddrell','743-528-9823'),(2,'Allentown','0 Corry Crossing',508517,66,'Raimondo Boundley','559-917-5985'),(3,'Austin','1 South Court',335272,114,'Rickert Hartshorne','451-112-8786'),(4,'Thibodaux','3 Ridgeway Terrace',1954077,59,'Dru Mansbridge','344-877-4026'),(5,'Quenteen','8 Onsgard Lane',976571,257,'Bernice Mothersole','707-994-6804'),(6,'Meridian','42 Utah Pass',1680451,64,'Adolphe Lindeboom','808-404-9738'),(7,'Natchez','2357 Mesta Road',483690,337,'Xena Ciottoi','637-784-8603'),(8,'Thibodaux','0 Ronald Regan Circle',1398488,87,'Jonie Simonnot','961-180-8227'),(9,'Stamford','85766 Briar Crest Hill',1323999,68,'Zechariah Trayes','873-634-4709'),(10,'Omaha','0212 Eastlawn Hill',1903827,188,'Babette Toller','194-451-5836'),(11,'New York','940 Cody Place',776700,301,'Kippar Oxtoby','516-281-0879'),(12,'Coffeyville','87 Green Court',243788,340,'Prentiss Boult','301-987-2368'),(13,'Jersey City','119 American Ash Center',664737,145,'Hervey Bowles','390-678-7947'),(14,'Portland','59 Cambridge Street',309313,259,'Ebony Ingarfill','507-466-8326'),(15,'Jersey City','22765 Golf View Crossing',970571,321,'Juliane Prozillo','602-869-8866'),(16,'Bay City','54529 Westerfield Park',1058105,148,'Torrence Scemp','100-473-2423'),(17,'Canyon City','8 Johnson Hill',1386612,320,'Bennie Archer','310-162-7511'),(18,'Canton','3616 Kings Point',724573,280,'Viviana Medler','188-287-4585'),(19,'Jersey City','07752 Kedzie Center',834344,124,'Mahalia Wooderson','387-536-8313'),(20,'Southbridge','1 Rieder Drive',1407578,82,'Katleen Ney','764-336-1971'),(21,'Richmond','91 Westport Place',541168,270,'Carmelle Dubose','787-920-0350'),(22,'Monroe','484 Nancy Street',870236,169,'Elvis Phethean','505-596-8498'),(23,'Papillion','08 Calypso Lane',887247,149,'Romona Guiducci','465-125-5266'),(24,'Pittsburgh','468 Prentice Avenue',1225778,213,'Horatio Di Roberto','755-850-7494'),(25,'Mondrey','1465 Crownhardt Point',1189837,160,'Fey Neville','145-781-3269'),(26,'Richmond','1209 Jay Lane',1256214,113,'Brandyn Farren','384-432-2966'),(27,'Allentown','7230 Banding Court',1378434,74,'Alida Tidridge','245-102-3043'),(28,'Dakota','29147 1st Way',826077,253,'Nollie Sidebotham','556-178-7315'),(29,'Barnstable','79237 Cambridge Point',1742155,50,'Saraann Tollady','150-861-8520'),(30,'Jersey City','83 Hollow Ridge Circle',1398012,59,'Brittne Grahamslaw','745-284-7755'),(31,'Bay City','75 Wayridge Junction',1630782,304,'Larina Cuckoo','112-569-0760'),(32,'Springfield','99 Shasta Crossing',1546772,290,'Humberto Scrogges','229-275-9716'),(33,'Meridian','9257 International Parkway',900105,144,'Hilda Dennett','631-112-3394'),(34,'Mentone','10 Kensington Circle',617953,246,'Kelcie Ormonde','147-487-0112'),(35,'Hackensack','81985 Clarendon Place',1162581,181,'Denice Collens','570-652-8082'),(36,'Hackensack','0844 Jenifer Crossing',1188829,276,'Valentin Swale','676-905-9618'),(37,'Monroe','725 Clarendon Court',1436918,346,'Kip Surgeon','370-255-7818'),(38,'Burkeville','9921 Luster Parkway',1012126,120,'Cristina Dufore','964-449-3272'),(39,'Austin','7 Clarendon Terrace',1671075,350,'Marty Gowans','890-705-5335'),(40,'Columbus','43 Mockingbird Road',1000559,336,'Padget Brentnall','202-937-9887'),(41,'Trenton','76 Summit Drive',1716317,195,'Loren Tapenden','519-350-1865'),(42,'Bay City','3 Haas Trail',548740,184,'Carlina D\'Adamo','619-231-5344'),(43,'Pittsburgh','278 Merrick Drive',1016628,210,'Melantha Withnall','873-175-2300'),(44,'Richmond','1675 Blaine Parkway',341286,121,'Lisabeth Lownes','435-462-6082'),(45,'Jersey City','3 Menomonie Parkway',1577852,92,'Annabela Philipet','254-496-2454'),(46,'Centennial','2 Kropf Terrace',330512,268,'Audre Phippen','498-915-6832'),(47,'Bristol','84 Forest Plaza',864736,248,'Fredia Rolingson','895-732-3249'),(48,'Kalamazoo','97380 Butterfield Circle',137253,91,'Reina Maggorini','861-711-3580'),(49,'Hackensack','68 Warrior Parkway',1166614,312,'Marsh Broadberrie','292-727-2752'),(50,'Lincoln','31570 Fairfield Street',1586861,338,'Homerus Scandrick','435-655-2902'),(51,'Mentone','6 Rowland Avenue',380303,183,'Robers Tout','111-104-2534'),(52,'Portland','8 Almo Plaza',716330,215,'Xymenes Farnham','428-167-7265'),(53,'Jonesville','9 Tony Plaza',1322402,304,'Chauncey Minico','641-610-2038'),(54,'Quenteen','614 Delladonna Plaza',1703190,106,'Bel Megahey','927-359-6607'),(55,'Mentone','497 Delaware Lane',1643007,193,'Judas Been','654-962-3615'),(56,'Denver','1 Eastwood Center',338327,202,'Evie Wilstead','636-465-4335'),(57,'Springfield','5502 Surrey Plaza',1095596,346,'Nisse Bentson','672-100-2503'),(58,'Akron','0 Nelson Trail',157673,319,'Mart Spittles','153-135-7739'),(59,'Springfield','940 Sherman Terrace',997811,317,'Betty Dallimore','925-472-2959'),(60,'Omaha','3 Darwin Point',1996354,201,'Thurston Bodle','320-658-6342'),(61,'Southbridge','83200 Graceland Trail',1525643,131,'Rolando Orrett','259-144-0201'),(62,'Southbridge','56 Transport Way',1144236,151,'Sebastien Wiffen','272-455-1583'),(63,'Canton','033 Prairie Rose Street',1198671,117,'Koral MacCorkell','552-609-9993'),(64,'Maryland','1100 Jay Place',1253627,96,'Clarice Medley','879-954-7954'),(65,'Maryland','78490 Badeau Court',453283,54,'Lindsay Hawthorne','183-892-3990'),(66,'Grapevine','6 Badeau Place',1075688,119,'Joshuah Lumox','616-114-8281'),(67,'Boston','7 Anhalt Court',1144526,74,'Maye Cuskery','849-719-4793'),(68,'New York','527 School Court',705948,198,'Jack Sharply','796-921-2775'),(69,'Pittsburgh','49185 Upham Court',515939,60,'Pat Millbank','353-100-1281'),(70,'Grapevine','92854 Orin Hill',884950,140,'Fremont D\'Aulby','386-557-4317'),(71,'Mentone','895 Carioca Plaza',1288717,273,'Nicol Kuna','248-688-2804'),(72,'Natchez','4401 Jackson Hill',876583,195,'Page Rodolfi','380-936-8288'),(73,'Columbus','13078 Upham Pass',179711,310,'Lydia Conaghy','814-834-3360'),(74,'Allentown','371 Longview Court',1768237,179,'Josey Butterick','531-946-5753'),(75,'Burkeville','11184 Mandrake Avenue',1748885,305,'Cairistiona Carillo','256-292-3966'),(76,'Livonia','86310 Southridge Pass',733874,162,'Leora Kamiyama','504-273-9111'),(77,'Akron','8385 Donald Road',1749736,183,'Tabbitha Monger','674-450-7049'),(78,'Thibodaux','19 Lillian Point',1218958,151,'Meggi Edington','588-597-7861'),(79,'Maryland','888 Bluestem Trail',396528,166,'Pasquale Gile','632-351-2898'),(80,'Yeallosk','22947 Thierer Trail',296968,98,'Earlie Eginton','468-727-6326'),(81,'Derby','24 Nancy Circle',256322,319,'Cart Parzizek','742-129-4380'),(82,'Maryland','7 Sage Trail',1874535,178,'Nikolaos Spellar','335-422-9991'),(83,'Canyon City','1893 Meadow Ridge Lane',417875,59,'Nickola Sodo','750-399-1206'),(84,'Albany','92 Nobel Road',115283,87,'Leisha Klulik','730-853-9708'),(85,'Monroe','91199 Rockefeller Trail',1438046,143,'Yank Bispham','934-478-7411'),(86,'Canton','8 Dryden Trail',1096292,342,'Danny Bremner','876-350-1501'),(87,'Bend','4 Pawling Point',1168719,48,'Smitty Salomon','394-472-3635'),(88,'Corvallis','23193 Springview Court',1634195,326,'Dosi Patrickson','242-972-6570'),(89,'Meridian','7656 Ryan Hill',917125,315,'Deb Caris','939-906-2318'),(90,'Hackensack','7336 Stoughton Crossing',1941023,79,'Vitoria Poacher','716-286-0594'),(91,'Livonia','79 Upham Court',466100,203,'Filip Kilduff','981-163-3808'),(92,'Lawrence','70 Marcy Center',675896,232,'Karalynn Pavlishchev','911-569-3673'),(93,'Derby','0 Huxley Pass',266320,299,'Celinka Renforth','316-986-0778'),(94,'Harrisburg','078 Waxwing Crossing',1201684,192,'Esta Chree','884-873-3534'),(95,'Grapevine','3852 Oak Valley Avenue',754610,214,'Jaquelin Licari','935-874-6629'),(96,'Meridian','4 Haas Avenue',1601133,141,'Mercy Skiplorne','472-854-6307'),(97,'Burkeville','1643 Kings Crossing',1203747,195,'Robinet Twiname','430-591-0034'),(98,'Chattanooga','593 Jackson Crossing',334640,265,'Harmonia Hallick','986-143-8995'),(99,'Akron','91 Golf Lane',1550154,259,'Bogart Padilla','352-403-1881'),(100,'Trenton','1 Blackbird Park',1927277,112,'Beatrisa McHale','259-427-8638'),(101,'Lincoln','4 West Trail',549686,291,'Paola Trays','651-632-2086'),(102,'Quenteen','57 Oak Valley Avenue',638610,107,'Ingunna Kintzel','168-526-9820'),(103,'Austin','8504 Schlimgen Drive',1360162,214,'Lurlene Henningham','830-304-4256'),(104,'Maryland','55 Jana Drive',1547561,120,'Marrilee Brackenridge','488-220-7620'),(105,'Springfield','40805 Linden Trail',1721165,100,'Hobey Uff','120-826-2990'),(106,'Kalamazoo','5190 Katie Pass',1227174,57,'Jocelin Lutsch','446-260-0703'),(107,'Bay City','50401 Mosinee Circle',489052,303,'Greg Le Clercq','967-976-4851'),(108,'Worcester','83443 Vidon Lane',988285,333,'Aurthur Child','555-332-0299'),(109,'Trenton','39 Kenwood Parkway',753375,264,'Garv Fay','552-691-6117'),(110,'Jonesville','910 Westend Alley',1253999,224,'Findlay Rohmer','127-106-8660'),(111,'Kalamazoo','1161 Merchant Parkway',1509842,80,'Bay Hagergham','790-996-3972'),(112,'Canton','55 Tony Center',242067,172,'Orion Cottage','593-746-7343'),(113,'Mentone','70820 Anhalt Place',173449,213,'Alano Tomczak','868-243-6222'),(114,'Trenton','797 Declaration Crossing',1542607,232,'Isaak Esom','484-214-3382'),(115,'Portland','910 West Park',686072,116,'Brew Juarez','750-875-5608'),(116,'Jonesville','8 Packers Lane',119960,174,'Miguel Tomes','687-358-5368'),(117,'Livonia','772 Brentwood Circle',1797574,76,'Donal Wey','435-451-5094'),(118,'Worcester','92 Kingsford Alley',1527406,137,'Izzy Haslewood','165-155-8502'),(119,'Trenton','995 Coolidge Crossing',1550384,307,'Ogdon Skilton','612-247-2770'),(120,'Kalamazoo','88 Pleasure Parkway',405044,75,'Cyrill Gailor','810-137-2420'),(121,'Kalamazoo','55 Troy Drive',141616,348,'Rayna Kerins','108-471-5709'),(122,'Mentone','91 Jenifer Plaza',687113,58,'Ashely Infante','110-134-6722'),(123,'Grapevine','1810 Heffernan Park',1118749,318,'Gunner Jillings','133-341-1001'),(124,'Mondrey','880 Memorial Center',1264375,344,'Enid Joontjes','763-357-2427'),(125,'Jersey City','9 Twin Pines Crossing',797507,299,'Mayne Whightman','531-580-6035'),(126,'Dakota','6 Scoville Center',1226325,214,'Mitzi McGinnis','385-969-7713'),(127,'Centennial','9 Dapin Drive',1603169,276,'Myrtie Mockes','964-210-6515'),(128,'Akron','6560 Burning Wood Street',922275,88,'Carlota Hairyes','245-169-2188'),(129,'Arvada','809 Washington Plaza',207005,300,'Darice Andriveaux','806-804-7940'),(130,'Hackensack','4 Dixon Hill',1110719,313,'Ewart Kull','390-753-0963'),(131,'Centennial','71 Messerschmidt Drive',1580087,269,'Lanie Drennan','140-110-3430'),(132,'Virginia','64 Delaware Center',1634666,343,'Kerstin Bardsley','624-689-0789'),(133,'New York','3526 Park Meadow Place',1257372,317,'Marven Cawthorne','808-289-1940'),(134,'Jersey City','4946 Trailsway Lane',464282,272,'Tabitha Aire','725-885-1697'),(135,'Bristol','3119 Ronald Regan Parkway',1004791,102,'Barbara Kairns','550-572-3489'),(136,'Columbus','8259 Mifflin Road',1437531,218,'Willette Gonoude','131-585-6668'),(137,'Austin','36 Londonderry Trail',622640,326,'Garland Mewburn','774-969-1881'),(138,'Bay City','9 Hoffman Pass',1740130,197,'Tobiah Bugden','750-973-9254'),(139,'Barnstable','8194 Merry Way',1436739,56,'Kerby Di Carli','412-957-8731'),(140,'Chattanooga','13 Commercial Street',217466,227,'Stepha Davidou','617-553-5455'),(141,'Derby','87142 Nobel Pass',1079119,103,'Cherin Balm','848-178-8190'),(142,'Richmond','608 7th Park',1730203,304,'Marshal Fenby','874-716-0523'),(143,'St. Martinville','1 Hoard Crossing',1682052,82,'Nola Fozard','136-211-9686'),(144,'Mentone','0 Northview Crossing',587137,318,'Lief Finkle','722-480-2297'),(145,'Centennial','2655 Kensington Circle',448856,73,'Kin Pirrie','718-694-0024'),(146,'Bristol','56240 Colorado Alley',1725306,249,'Ingra Reach','651-857-6722'),(147,'Centennial','00490 Coolidge Crossing',1257512,278,'Mitzi Seelbach','161-728-2914'),(148,'Yeallosk','672 Ridge Oak Circle',1168508,201,'Gwenneth Cogger','793-137-1883'),(149,'Thibodaux','0444 Bultman Street',1317493,194,'Christie Lidgely','802-832-5938'),(150,'Mentone','82 Lien Place',801570,348,'Eduardo Gallen','779-245-7750'),(151,'Columbus','9 3rd Park',1969927,339,'Irving Briffett','346-124-1992'),(152,'Mentone','06370 Novick Center',1671190,103,'Zolly Hambridge','244-393-7411'),(153,'Monroe','641 David Street',1403946,124,'Angelo Harvatt','931-416-1955'),(154,'Jersey City','983 Mandrake Lane',1709232,92,'Tynan Boch','676-280-5399'),(155,'Worcester','66741 Moland Parkway',826924,139,'Pattie Cashen','518-779-9690'),(156,'Memphis','3290 Stuart Junction',1109820,89,'Glori Ottewell','675-658-5483'),(157,'Kalamazoo','7 Hansons Street',1243387,153,'Catherina Zorzoni','454-587-2205'),(158,'Pittsburgh','880 Mosinee Park',1956224,346,'Carine Brookshaw','415-377-6695'),(159,'Harrisburg','52 2nd Parkway',1653066,191,'Raynell Hanhart','356-475-9552'),(160,'Thibodaux','1 Armistice Drive',744819,319,'Marietta Wennington','219-588-5712'),(161,'Jersey City','65 Colorado Point',1319067,169,'Kevina Moxom','392-236-5432'),(162,'Derby','8 Hallows Way',799311,99,'Eadmund Chalfont','104-499-2723'),(163,'Mondrey','737 Petterle Point',647906,239,'Malissa Kurth','534-391-2786'),(164,'Akron','02 3rd Terrace',1317113,128,'Minta Caret','131-287-5158'),(165,'Stamford','77198 Prairie Rose Center',1213549,171,'Eran Aykroyd','469-916-0506'),(166,'Chattanooga','0 Anthes Place',821261,324,'Tobie Droogan','401-652-5235'),(167,'Yazoo','783 Crownhardt Trail',1954168,82,'Curt Symcoxe','219-366-8264'),(168,'Bloomington','7 Tennyson Hill',317286,159,'Ban Fearn','259-539-5054'),(169,'Richmond','077 Fremont Trail',1586591,198,'Sharai Kanwell','659-784-0958'),(170,'Watertown','4731 Kennedy Road',398531,138,'Genevieve Trewinnard','392-974-4930'),(171,'Jersey City','3104 Roth Way',1565975,181,'Melva Tossell','674-693-4371'),(172,'Allentown','634 Elmside Street',1201581,50,'Edythe Blaskett','979-678-2404'),(173,'Kalamazoo','8259 Helena Center',1689171,167,'Carroll Janicijevic','776-779-7722'),(174,'Mentone','598 Brickson Park Point',1834806,226,'Ara Toyne','348-287-3403'),(175,'Pittsburgh','266 Prairie Rose Pass',1739104,180,'Guendolen Akam','220-279-4179'),(176,'Stamford','7959 Hollow Ridge Alley',1306439,332,'Matthieu Dalziel','308-431-3010'),(177,'Bloomington','318 Melody Avenue',1527599,348,'Tamiko McKinie','526-162-6083'),(178,'Austin','6799 Heffernan Trail',827563,172,'Cookie Henderson','718-487-5594'),(179,'Columbus','07054 Miller Plaza',488375,136,'Basia Week','676-676-8308'),(180,'Southbridge','6982 Elmside Alley',1370800,126,'Nolly Corrison','598-453-8443'),(181,'Hackensack','25 Heffernan Center',159088,161,'Curr Mash','747-279-0181'),(182,'Albany','380 Prentice Road',1314877,49,'Tyrus Jerrom','733-438-1769'),(183,'Watertown','8 Hoard Street',1550400,338,'Terrel Doubleday','380-467-4051'),(184,'Memphis','981 Starling Court',710510,228,'Brook Nare','980-905-8163'),(185,'Watertown','6 Nevada Alley',493440,85,'Goldi Hathwood','599-649-1656'),(186,'Canyon City','21369 Oak Pass',1439051,124,'Shalne Iacavone','389-812-8168'),(187,'Columbus','9 Caliangt Circle',1547017,255,'Ange Blewmen','867-614-3237'),(188,'Lawrence','13147 Westport Lane',1664006,308,'Brunhilde Tordiffe','780-357-2627'),(189,'Stamford','9 Troy Alley',1546094,94,'Robinett Booton','537-205-8921'),(190,'Richmond','16014 Bashford Center',1400394,168,'Valentine Davio','640-441-0259'),(191,'Quenteen','8 Buena Vista Drive',201628,101,'Raffaello Glading','791-573-3517'),(192,'Southbridge','0151 Hanson Place',537868,291,'Juliann Ead','754-405-9298'),(193,'Watertown','48 Porter Way',1441619,106,'Courtnay Haxby','150-546-3791'),(194,'Chattanooga','02 Glendale Circle',445450,215,'Cathie Leefe','271-870-9405'),(195,'Kalamazoo','3661 Thierer Trail',627458,147,'Lissi Panton','304-291-2593'),(196,'St. Martinville','4 Buhler Crossing',138459,182,'Carola Huntar','921-625-2452'),(197,'Springfield','3 Ramsey Pass',1944370,349,'Isidoro Goodge','289-475-5145'),(198,'Austin','5159 Aberg Drive',892071,107,'Fraze Reddyhoff','263-163-6326'),(199,'Boston','2233 Spaight Road',268784,209,'Dick Phinnessy','358-388-1342'),(200,'Bossier','00 Jenifer Hill',1369777,99,'Brear MacShirie','704-635-8450'),(201,'Jonesville','6636 Straubel Crossing',1879452,277,'Shalne Yorston','371-220-6336'),(202,'Denver','2183 Luster Avenue',1532616,294,'Deane Akam','928-237-6496'),(203,'Stamford','36 Schurz Drive',401922,107,'Lynn Rowlings','589-412-6681'),(204,'Columbus','6565 Sugar Alley',941573,226,'Ashley Ridgwell','284-816-4171'),(205,'Stamford','1 2nd Street',847175,259,'Yard Elintune','858-306-4165'),(206,'Yeallosk','07 Loftsgordon Circle',1259697,75,'Eloisa McVicar','404-113-2072'),(207,'Akron','62 Eastlawn Junction',108135,111,'Arlee Patsall','683-967-3425'),(208,'Richmond','844 Dahle Pass',1611391,264,'Saleem Kix','873-375-5995'),(209,'Corvallis','1 Green Ridge Hill',1538825,163,'Almeta D\'Aeth','166-523-2185'),(210,'Monroe','4160 Tennyson Center',305060,274,'Jeri Ginner','260-117-7220'),(211,'Quenteen','96 7th Point',324436,176,'Louisette Treharne','478-867-1872'),(212,'Allentown','06 Dennis Parkway',1804765,256,'Denys Braffington','750-927-6337'),(213,'Memphis','20 Moulton Plaza',696076,116,'Brook Terrelly','162-677-4050'),(214,'Maryland','706 Lighthouse Bay Street',912826,93,'Laughton Revens','169-255-1903'),(215,'Yazoo','536 Brickson Park Court',1105303,198,'Dimitry Kingsland','415-986-2699'),(216,'Monroe','6 Anzinger Point',1235694,186,'Karl Duggon','626-751-1387'),(217,'Bloomington','0 Acker Hill',1981143,265,'Laural Sculpher','676-129-5194'),(218,'Bossier','739 Shoshone Park',353413,224,'Daffy Marklin','987-573-9251'),(219,'Livonia','174 Lerdahl Plaza',227953,140,'Josias Dye','916-847-2809'),(220,'Harrisburg','86 Reindahl Avenue',1834059,69,'Clea Hartnell','708-665-0226'),(221,'Centennial','77 Corscot Avenue',1652799,170,'Judon Demer','761-605-3075'),(222,'Portland','2682 Loomis Lane',987195,202,'Carol Garaway','180-167-3516'),(223,'Mentone','97188 Everett Center',1305234,348,'Marita Newband','506-987-8004'),(224,'Livonia','32 Buena Vista Crossing',1855252,146,'Philbert Challens','442-396-4732'),(225,'Mentone','32422 Independence Crossing',1504554,119,'Isiahi Hatry','774-401-3907'),(226,'Trenton','9412 Merchant Lane',1303465,84,'Bradney Drummer','939-755-1885'),(227,'Springfield','8050 Utah Drive',368929,45,'Mildred Mitkov','300-922-6563'),(228,'Jonesville','5820 Sommers Pass',1472692,47,'Darryl Ferreres','854-645-0296'),(229,'Trenton','814 Dunning Plaza',1083066,273,'Debi Morkham','583-312-2800'),(230,'Jersey City','950 Ohio Place',1716026,48,'Betsey Reeveley','355-677-6365'),(231,'Trenton','15382 Bobwhite Street',1645989,192,'Tersina Leindecker','975-630-9388'),(232,'Jonesville','58662 Independence Plaza',666575,140,'Patrizia Reynoldson','449-348-2615'),(233,'Kansas City','9 Jackson Parkway',1670068,254,'Rutherford Ravenscroftt','164-640-3964'),(234,'Southbridge','8 Northland Alley',1234680,311,'Wren Hairon','290-435-7496'),(235,'Kalamazoo','26 Gerald Place',392945,133,'Chet Brimilcombe','701-689-3033'),(236,'Dakota','5856 Sycamore Lane',641444,184,'Rafaellle Spradbery','749-878-8104'),(237,'Burkeville','24 Saint Paul Place',402821,301,'Morlee Farnan','424-172-4910'),(238,'Trenton','42 Sloan Terrace',644614,204,'Lind Skein','414-927-4307'),(239,'Trenton','60 Fairview Street',401708,222,'Thorin Hussy','789-186-1767'),(240,'Kalamazoo','89 Menomonie Center',894538,323,'Lenora Bransby','967-418-1297'),(241,'Kalamazoo','3752 Harper Pass',496735,194,'Moe Baddow','847-502-6811'),(242,'Coffeyville','17250 Vernon Point',747666,288,'Gene Crielly','609-842-8675'),(243,'Kalamazoo','47265 Pearson Terrace',659428,341,'Ulick Domeney','919-236-5639'),(244,'Derby','059 Stang Lane',490553,344,'Herbert Lowers','930-125-6823'),(245,'Harrisburg','951 Sommers Place',989366,165,'Madeleine Zanuciolii','251-491-9877'),(246,'Arvada','431 Thompson Road',757167,157,'Abbott Santora','962-671-4501'),(247,'Boston','9 Sachs Alley',1548922,110,'Sonja Maddrah','695-745-7571'),(248,'Canton','75 Sutteridge Way',1797318,149,'Anderson Blackaller','971-808-0826'),(249,'Stamford','417 Stang Point',332502,47,'Tandi Rohfsen','855-809-6291'),(250,'Corvallis','49783 Manitowish Center',621150,105,'Jacinta Cabera','822-758-4938'),(251,'Jonesville','8822 Weeping Birch Alley',1813211,209,'Karlens Franca','876-581-3660'),(252,'Stamford','5835 Burrows Crossing',1729588,260,'Brocky Edyson','896-804-6083'),(253,'Arvada','63338 Division Center',573283,239,'Barb Leaney','866-666-4121'),(254,'Canton','15 Lyons Point',466348,128,'Lynn Capel','907-953-4423'),(255,'Derby','873 Delaware Alley',1063904,300,'Esme Shinefield','826-260-5990'),(256,'Quenteen','52 Hoffman Alley',567927,122,'Granthem Limpricht','325-613-9513'),(257,'Hackensack','0838 Delladonna Street',1785739,249,'Iggy Innocenti','546-527-0295'),(258,'Canton','9230 Schlimgen Trail',832725,325,'Ludwig Posse','110-146-8464'),(259,'Livonia','52 Rowland Way',1069672,318,'Chrisse McLice','509-830-4000'),(260,'Mentone','1429 Messerschmidt Circle',841446,133,'Shelton Warby','832-563-1316'),(261,'Burkeville','5 Sullivan Place',1905646,331,'Tadd Barribal','205-159-3417'),(262,'Trenton','9 Pearson Point',1839090,332,'Nert Shepard','458-855-1069'),(263,'Corvallis','904 Springs Drive',489290,204,'Clemens Serrels','729-136-8666'),(264,'Knoxville','1081 Susan Plaza',1609365,323,'Alma Gilhouley','656-279-8158'),(265,'Bay City','20293 Eagan Road',234897,212,'Gussie Cobbled','271-129-0000'),(266,'Omaha','4 Eastwood Center',1095969,216,'Randi Murkitt','915-818-2867'),(267,'Boston','36831 Dapin Avenue',1942612,278,'Simone Skylett','418-443-9810'),(268,'Austin','09 Kensington Avenue',533882,185,'Gothart Gashion','123-171-6090'),(269,'St. Martinville','08 Hermina Circle',1599496,286,'Cornela Radborn','948-913-0410'),(270,'Yeallosk','59 Burrows Trail',1888796,61,'Domingo Pietruszka','585-201-3087'),(271,'Lincoln','6772 Elka Avenue',1525130,299,'Randene Stronack','712-142-5852'),(272,'Kalamazoo','208 Kipling Way',158528,124,'Ilyssa Stopper','613-969-0478'),(273,'Richmond','8 Kennedy Court',1263028,342,'Wynne Busek','516-984-7785'),(274,'Lawrence','1 Schmedeman Hill',977384,121,'Guy Tollit','781-193-9734'),(275,'Derby','207 Pierstorff Point',760999,280,'Debi Enriquez','748-985-4252'),(276,'Dakota','9917 Kim Terrace',376457,319,'Mela Ledram','619-435-3969'),(277,'Livonia','0 Shelley Lane',1877306,108,'Jeannine Starkey','842-874-5051'),(278,'Harrisburg','8 Leroy Court',1307168,349,'Germaine Grafton-Herbert','911-892-5622'),(279,'Thibodaux','2 Kensington Pass',1309786,308,'Gilles Antonin','700-901-1822'),(280,'Lawrence','74 Manufacturers Court',1510470,282,'Anastassia Fieldgate','822-594-5721'),(281,'Bristol','315 Macpherson Avenue',1484892,283,'Aidan Midden','284-844-4121'),(282,'Mondrey','9 Welch Way',1109135,342,'Brucie Wingfield','942-328-8243'),(283,'Stamford','1411 Pine View Park',681476,63,'Florinda Erbe','715-567-4614'),(284,'Arvada','28 Logan Street',1451803,265,'Cirstoforo Pfleger','356-289-0124'),(285,'Quenteen','68 Beilfuss Place',1658227,307,'Stephanus O\'Spellissey','903-481-4851'),(286,'Pittsburgh','4836 Spenser Crossing',1084353,55,'Vanessa Hein','318-157-9621'),(287,'Thibodaux','0 International Alley',1600574,284,'Frannie Ailmer','380-501-8402'),(288,'Monroe','24687 Manufacturers Park',771980,172,'Flore MacFayden','744-700-4767'),(289,'Worcester','3 Holy Cross Center',1295662,110,'Elisabeth Sennett','195-449-4729'),(290,'Bristol','65229 Express Drive',1997789,303,'Gloriane Boswell','628-676-4411'),(291,'Lincoln','89 Green Drive',703020,190,'Pren Chaundy','805-243-6944'),(292,'Yazoo','394 Drewry Court',1233211,75,'Christoper McQuilty','854-184-4037'),(293,'Trenton','878 Kings Lane',319027,55,'Liam McMeekin','919-830-5377'),(294,'Arvada','561 Eliot Plaza',1979579,333,'Louisa Bown','621-388-5901'),(295,'Trenton','62 Manitowish Street',314693,84,'Rhoda Bisterfeld','285-911-6216'),(296,'Grapevine','08746 Magdeline Road',1474690,250,'Ive Klimsch','614-149-4944'),(297,'Jackson','527 Burning Wood Lane',391801,86,'Bank Latore','320-322-3741'),(298,'Portland','0377 Blackbird Way',1826549,149,'Gilly Kedie','232-312-6160'),(299,'Maryland','05727 Dunning Drive',1790858,78,'Glen Randals','360-505-8537'),(300,'Meridian','632 Anhalt Crossing',1600925,245,'Jard Simenot','275-729-3593'),(301,'Columbus','88 Sheridan Lane',1072703,104,'Chaddie Porter','928-251-9925'),(302,'Portland','3 Memorial Court',1079767,143,'Alexina Juschka','137-340-5529'),(303,'Grapevine','3 Green Ridge Junction',1299017,154,'Karyl Kelemen','653-388-3000'),(304,'Yazoo','42450 Mallory Court',163752,321,'Frederick Bolt','749-214-3525'),(305,'Grapevine','936 Hallows Crossing',168514,91,'Duke Bowlesworth','563-785-2938'),(306,'Portland','0 Washington Avenue',1225973,159,'Jocelin Maunton','600-316-0294'),(307,'Bloomington','816 Johnson Avenue',1137930,95,'Onofredo Dominelli','108-528-7553'),(308,'Omaha','833 Prairie Rose Road',328107,186,'Zorina Wreak','407-438-5877'),(309,'Richmond','14 Sage Plaza',1714120,81,'Whitney Crank','933-928-1768'),(310,'Denver','035 Norway Maple Hill',605247,161,'Bourke Vannet','952-222-0962'),(311,'Yeallosk','1289 1st Park',1644960,140,'Gasper Steers','335-236-3191'),(312,'Memphis','153 Anderson Crossing',753356,230,'Bren Haglington','705-308-6531'),(313,'Thibodaux','1391 Larry Road',1890635,172,'Angy Leverett','124-151-6768'),(314,'Jersey City','576 Kedzie Parkway',1798647,239,'Costanza Raine','981-168-9150'),(315,'Canyon City','558 Helena Crossing',378799,219,'Ambrosi Gerckens','378-151-8991'),(316,'Centennial','80 Welch Lane',438006,70,'Odella Mayling','287-326-9340'),(317,'Akron','781 Golf Point',229549,123,'Kristy Adamiec','479-251-3768'),(318,'Bay City','31 3rd Terrace',288975,212,'Elianora Pilpovic','733-382-6693'),(319,'Jonesville','76960 Armistice Pass',1808465,45,'Robyn Newby','201-273-4521'),(320,'Akron','6 Anderson Place',1784299,291,'Lavinie Wight','733-232-6233'),(321,'Grapevine','546 Weeping Birch Way',1820826,61,'Falito Benian','139-705-4988'),(322,'Kalamazoo','7208 Center Center',1753049,288,'Gilly Fridd','767-328-1837'),(323,'Meridian','19 Continental Hill',295042,298,'Jamie Loughan','648-563-3268'),(324,'Corvallis','01 Spaight Court',557652,210,'Hillel Kenworthy','583-206-6272'),(325,'Derby','91756 Transport Street',510783,107,'Orsola Mumberson','220-299-9111'),(326,'Corvallis','6339 Farwell Park',166962,220,'Sunny Skune','168-416-1473'),(327,'Canton','6595 Menomonie Alley',1752158,182,'Mikey Gambie','150-229-0800'),(328,'Trenton','00623 Gina Plaza',1478230,266,'Andy Tembridge','959-991-3247'),(329,'Chattanooga','5069 Columbus Alley',1455467,110,'Fallon Trotter','996-511-2007'),(330,'Derby','7 Buhler Alley',930330,312,'Harlie Folcarelli','631-858-2413'),(331,'Harrisburg','518 Hanover Street',204319,163,'Broderick Pendall','531-848-8871'),(332,'Chattanooga','97456 Packers Pass',1429273,91,'Dud Montague','165-658-3775'),(333,'Bay City','134 Beilfuss Plaza',1416336,272,'Enriqueta Alliband','623-498-3630'),(334,'Bay City','8560 Daystar Court',1562616,214,'Vale MacGorley','666-393-2689'),(335,'Trenton','7 Cody Trail',783696,236,'Johny Batchellor','368-485-2046'),(336,'Jonesville','58552 Forest Run Court',1875160,205,'Westbrooke Wheadon','375-448-1706'),(337,'Bay City','23530 Bartelt Terrace',595154,247,'Patrice Long','874-859-1463'),(338,'Quenteen','3 Jenifer Park',1035978,220,'Vyky Caldayrou','880-107-1014'),(339,'Richmond','4 Lien Way',1778929,211,'Alonso Boocock','689-291-8342'),(340,'Bloomington','8 Tennessee Hill',393440,343,'Eddy Everex','405-420-4253'),(341,'Livonia','5531 Morningstar Court',1068058,127,'Giffard Meddick','559-667-2240'),(342,'Arvada','9 Hauk Hill',714163,237,'Kerri Tebbit','673-478-0908'),(343,'Bristol','9 Raven Alley',1890643,51,'Lindsy Caldairou','515-472-0252'),(344,'New York','55268 Basil Park',101639,73,'Heidi Vickers','198-108-3632'),(345,'Barnstable','57 Emmet Park',1694371,156,'Guss Berceros','957-539-2160'),(346,'Canton','78593 Londonderry Place',355723,184,'Peirce Schoffler','783-658-0061'),(347,'Akron','41 Crownhardt Circle',249014,333,'Meaghan Goodson','639-882-7892'),(348,'Akron','94389 Shelley Point',138172,186,'Ivar Haggerty','450-771-9844'),(349,'Livonia','4208 Del Sol Hill',182554,85,'Jeth Entreis','726-369-1424'),(350,'Monroe','82 Truax Trail',618739,331,'Marietta Tampen','967-705-7394'),(351,'Hackensack','426 Starling Hill',1528629,78,'Haley Kynastone','380-791-3362'),(352,'Mentone','613 Clove Avenue',607455,107,'Jacinthe Munkley','752-950-2866'),(353,'Canyon City','036 Bonner Terrace',1148299,290,'Aldric Dumberell','964-995-5897'),(354,'Virginia','0344 Oneill Point',1425104,332,'Shaughn Hysom','909-121-4858'),(355,'Bend','904 Prentice Trail',1306854,211,'Ryann Field','188-642-8404'),(356,'Livonia','2 Sloan Plaza',317963,195,'Iolande Beausang','396-576-9101'),(357,'Austin','50653 Burrows Terrace',245337,144,'Kerr O\'Shaughnessy','296-211-5295'),(358,'Barnstable','0085 Vidon Point',693765,225,'Salvador Bowness','296-438-3059'),(359,'Denver','822 Schmedeman Crossing',1421891,49,'Augustine Verheyden','639-478-1139'),(360,'Bay City','33550 Sherman Road',557783,61,'Nataniel Ludwell','408-924-9823'),(361,'Austin','4 Red Cloud Road',722364,302,'Leicester Jarville','587-328-5042'),(362,'St. Martinville','6 Wayridge Place',1750027,258,'Camey Breeze','620-896-7917'),(363,'New York','8170 Pepper Wood Circle',1943654,46,'Amaleta Desantis','718-878-9641'),(364,'Bay City','250 Clemons Point',1976892,208,'Rikki Battaille','699-314-2631'),(365,'Bay City','18 Prairieview Alley',595239,59,'Leonerd Firpo','451-100-2356'),(366,'Duffield','370 Swallow Court',1789215,123,'Paloma Scarsbrooke','574-964-3207'),(367,'Maryland','030 Luster Place',687309,83,'Quintana Greep','637-352-9844'),(368,'Akron','09214 Westerfield Center',1153535,283,'Cindee Chinnick','549-690-9952'),(369,'Yeallosk','71 Mockingbird Park',1721108,343,'Celestina Rosensaft','853-435-8149'),(370,'Lawrence','31 Reindahl Junction',1969762,72,'Emyle Bartels-Ellis','169-602-0675'),(371,'Portland','1057 Coleman Lane',1732233,177,'Zorah Kabsch','620-862-2587'),(372,'Canyon City','1 Dryden Lane',1294799,243,'Amara Jakuszewski','730-525-2619'),(373,'Natchez','76604 Rieder Court',632058,239,'West Jury','813-372-8063'),(374,'Kalamazoo','7 Hintze Point',633480,296,'Bobbi Dumphries','921-236-0077'),(375,'Worcester','83351 Hanover Center',173246,70,'Adele Larner','283-990-5554'),(376,'Bossier','72 Petterle Road',482800,299,'Carissa Juris','766-982-4077'),(377,'Livonia','3 David Lane',1305600,211,'Madlin Chestney','412-903-1634'),(378,'Bossier','69 Homewood Plaza',324244,279,'Elsinore Le Fevre','172-920-9882'),(379,'Hackensack','34 Butternut Terrace',531729,180,'Brook Giacometti','176-975-7893'),(380,'Bloomington','11 Gina Court',1384755,63,'Perrine Eustace','181-707-1481'),(381,'Quenteen','39951 Dahle Alley',531702,323,'Vanni Dwire','282-335-1112'),(382,'Akron','8614 Dayton Parkway',522898,91,'Randene Seeney','670-577-0471'),(383,'Papillion','68 Thackeray Street',1733951,125,'Sansone Howling','424-351-5356'),(384,'Bloomington','5 Surrey Plaza',568704,113,'Josefa Robotham','512-486-4920'),(385,'Hackensack','1449 Milwaukee Way',1470941,206,'Kit Beartup','371-559-1582'),(386,'Grapevine','6207 Tennessee Lane',1488105,53,'Nollie Annell','637-820-7360'),(387,'Pittsburgh','8 Artisan Park',1503342,121,'Maxim Haine','913-700-1350'),(388,'Mentone','420 Spaight Point',612572,156,'Jolynn Yare','660-440-6388'),(389,'St. Martinville','815 Holmberg Plaza',596818,327,'Godfrey Kimber','920-246-3188'),(390,'Corvallis','01 Grim Terrace',1107206,350,'Reinold Bramo','645-971-0568'),(391,'Harrisburg','039 Paget Crossing',341998,321,'Chris Gritsunov','475-234-5836'),(392,'Monroe','137 New Castle Park',908413,162,'Gabie Cars','489-134-4021'),(393,'Hackensack','799 Little Fleur Plaza',603979,252,'Isiahi Boyes','636-147-5191'),(394,'Richmond','3373 Lotheville Trail',641237,71,'Elia Gullane','221-851-1872'),(395,'Yeallosk','62 Gateway Place',1761491,109,'Mignon Cronchey','785-616-8678'),(396,'Kansas City','3 Eagle Crest Park',1142079,69,'Netti Moriarty','546-963-5150'),(397,'Bend','7 Dryden Street',1938666,119,'Jacklin Havercroft','820-418-0751'),(398,'Hackensack','30668 Melody Place',1977406,313,'Ida Vitall','844-802-1093'),(399,'Stamford','36 Packers Lane',473866,59,'Lind McChesney','420-591-6045'),(400,'Barnstable','7 Crest Line Circle',250635,159,'Julianna Clemits','332-710-4343'),(401,'Hackensack','03021 Rowland Lane',883167,121,'Melinde Duetsche','849-474-5351'),(402,'Hackensack','8924 Stuart Trail',163602,163,'Bathsheba Pattrick','520-584-2161'),(403,'Meridian','3285 Stephen Avenue',1923915,227,'Sena Downes','955-596-9789'),(404,'St. Martinville','5 Sunbrook Parkway',1737536,343,'Almeda Ubanks','561-102-6857'),(405,'Watertown','57 Elka Point',1581720,195,'Bernie Gerg','278-175-1927'),(406,'Grapevine','92523 Oakridge Way',1531853,181,'Prescott Randals','241-332-4255'),(407,'Arvada','7 Warrior Circle',1697328,323,'Andree Hyslop','931-717-3221'),(408,'Richmond','1973 Laurel Trail',794008,74,'Marcelo Weerdenburg','881-972-8878'),(409,'Canton','2 Graceland Road',304230,109,'Franky Musto','756-112-1210'),(410,'Duffield','22202 Blue Bill Park Hill',1442222,257,'Bertie Presidey','957-631-7305'),(411,'Yazoo','5736 Arapahoe Park',521646,298,'Nadean Dayborne','704-393-3932'),(412,'Burkeville','5 Stang Lane',1282602,57,'Regine Beaford','771-195-2198'),(413,'Southbridge','0 Calypso Pass',1081231,131,'Matty Yeulet','295-792-0102'),(414,'Portland','769 Anderson Circle',103835,123,'Beverlee Gaukrodge','448-632-0815'),(415,'Worcester','62736 Lyons Circle',1631585,252,'Kylen Currao','645-992-9262'),(416,'Virginia','7 Pierstorff Pass',391799,83,'Alwin Burberye','420-734-4681'),(417,'Bay City','70 Schiller Plaza',539993,305,'Emmalyn Bernaldez','837-657-6427'),(418,'Columbus','4 Hintze Trail',267891,184,'Silvano Lawrinson','882-173-2791'),(419,'Albany','722 Waubesa Alley',721002,250,'Seline Bushel','209-241-3841'),(420,'Akron','69107 Jana Street',954431,190,'Ellery Yarwood','780-493-8298'),(421,'Portland','768 Rutledge Point',268320,84,'Paule Leport','821-229-6329'),(422,'Yazoo','80409 Burning Wood Street',726685,331,'Matilde Martyn','928-280-4168'),(423,'Columbus','4913 Novick Road',1886027,263,'Allyn Springell','445-323-7190'),(424,'Allentown','32 Cambridge Circle',1006424,152,'Vivian Patrick','692-454-8633'),(425,'Duffield','40 South Hill',1421075,83,'Tim Leaney','405-863-2151'),(426,'Mondrey','58002 Packers Street',1783441,84,'Noni Berkery','403-500-1469'),(427,'Richmond','7184 Summer Ridge Street',250675,286,'Horace Spiteri','175-420-7847'),(428,'Jonesville','2617 Stone Corner Street',332360,121,'Bink Stracey','122-578-6161'),(429,'St. Martinville','554 Forest Run Junction',280212,228,'Catie MacBrearty','948-498-4029'),(430,'Bend','12047 Park Meadow Place',590865,311,'Bert Lind','766-141-4067'),(431,'Corvallis','38419 Elka Place',321570,270,'Addison Skey','781-701-2787'),(432,'Bristol','0477 Texas Trail',931165,76,'Roslyn Dyment','544-800-0466'),(433,'Canyon City','92 John Wall Point',606453,74,'Martha O\'Donovan','141-913-0603'),(434,'Duffield','2356 Bultman Alley',485575,101,'Padriac Hanna','143-402-0465'),(435,'Portland','79 Caliangt Place',1542773,95,'Alonzo Moffet','287-265-5052'),(436,'Jonesville','0 Prentice Hill',707081,247,'Chris Plumbridge','762-705-1981'),(437,'Mentone','0277 Cody Pass',717607,210,'Angela Pilley','642-567-0437'),(438,'Dakota','00994 Westend Road',492395,226,'Nerta Norcross','795-153-3850'),(439,'Pittsburgh','24 Ridgeway Parkway',1042711,187,'Jordanna Reide','961-443-4889'),(440,'Akron','4 Onsgard Trail',610812,225,'Sherie McCrann','782-908-5710'),(441,'Duffield','8 Division Pass',1768446,254,'Vail Beardow','544-721-0334'),(442,'Jersey City','6 Nova Way',949035,192,'Godiva Vallack','432-356-1444'),(443,'Jersey City','26316 Shasta Street',1079031,181,'Laverne Weeks','779-376-2336'),(444,'Corvallis','7246 Duke Point',1503790,174,'Cassaundra McCowen','993-223-5650'),(445,'Mentone','677 Sauthoff Junction',481297,137,'Willyt Caunt','216-622-8109'),(446,'Derby','727 Leroy Center',746603,112,'Alvina Swash','708-751-7519'),(447,'Canton','94 Fremont Plaza',1060781,162,'Arne Dureden','810-263-4771'),(448,'Omaha','90 Green Alley',163004,52,'Jacquetta Blitz','229-300-1595'),(449,'Meridian','016 Amoth Lane',274138,265,'Miof mela Gibbetts','494-980-4508'),(450,'Jonesville','78880 Maple Street',1021680,249,'Carilyn Westhofer','651-286-4136'),(451,'Canyon City','01163 Ryan Point',1526247,291,'Corina Kochel','134-164-1027'),(452,'Worcester','737 Union Street',1742430,143,'Dixie Denson','394-389-1633'),(453,'Worcester','8446 Sutherland Circle',1707540,85,'Jazmin Headland','468-313-1738'),(454,'Stamford','7 Pennsylvania Parkway',1987682,82,'Dunn Brownlea','487-766-8296'),(455,'Akron','72 Ronald Regan Junction',175410,233,'Hadlee Snoding','511-473-3000'),(456,'Akron','3 Vidon Court',1324458,128,'Marilyn Tregunnah','955-934-3201'),(457,'Arvada','963 Oakridge Park',1098586,130,'Gillan Crayker','271-740-6310'),(458,'Duffield','9769 Rieder Crossing',973957,212,'Amalea Lochrie','983-229-2966'),(459,'Denver','48894 Katie Lane',754710,179,'Glenda Brewitt','560-966-5533'),(460,'Derby','862 Stone Corner Place',659964,328,'Jasen Bracco','275-627-4719'),(461,'Akron','3754 Barnett Trail',917400,273,'Ximenez Loughan','926-406-1336'),(462,'Jonesville','855 Fallview Drive',899860,199,'Marjie Duffitt','146-684-3045'),(463,'Bay City','223 Corben Way',744190,91,'Mellisent Keough','702-366-7656'),(464,'St. Martinville','4128 Wayridge Point',1819948,209,'Ann-marie Roland','688-378-9524'),(465,'Trenton','9 Delaware Place',436196,171,'Arabelle Steiner','195-963-7887'),(466,'Harrisburg','95754 Corscot Pass',527258,98,'Paule Van Dijk','830-293-5889'),(467,'Mentone','1224 Delladonna Terrace',1825153,111,'Daryle Chaudhry','718-856-3495'),(468,'Bristol','1 Grayhawk Way',835874,194,'Fabiano Brittlebank','406-513-1318'),(469,'Duffield','1277 American Ash Plaza',274655,55,'Maryrose Layus','684-214-7114'),(470,'Bristol','4 Vera Terrace',1929509,241,'Odessa Brimson','856-768-4844'),(471,'Kalamazoo','55 Green Ridge Place',907894,180,'Bethina Popescu','951-712-3646'),(472,'Livonia','70082 Superior Drive',1226216,57,'Aubrey McCague','119-701-3224'),(473,'Trenton','97 Leroy Plaza',307819,65,'Ekaterina Clingoe','703-524-7150'),(474,'Bay City','4 Fordem Hill',320369,231,'Cybil Medwell','122-994-9088'),(475,'Centennial','16023 Graedel Lane',1564348,330,'Ody Ridger','623-891-1108'),(476,'Livonia','95 Forest Court',291595,280,'Woodie O\'Breen','130-226-3871'),(477,'Hackensack','72 Kingsford Lane',1772948,197,'Anastassia Bush','558-503-0580'),(478,'Jonesville','47 Lukken Point',917744,164,'Leupold Orrey','336-689-7159'),(479,'Yeallosk','9323 Toban Place',1550665,319,'Ilyssa Boays','218-254-7222'),(480,'Portland','440 Laurel Road',1561778,97,'Emelen Potell','889-397-9641'),(481,'Bend','1048 Banding Trail',1777881,184,'Mohandas Rubanenko','766-763-1678'),(482,'Albany','19507 Fair Oaks Drive',1436900,287,'Lyn Troke','964-151-5044'),(483,'Knoxville','2 Cottonwood Crossing',1798696,71,'Nikki Brace','812-926-7394'),(484,'Virginia','60 Nelson Road',1357733,86,'Stavro Follen','516-723-2093'),(485,'Arvada','10 Thompson Trail',932699,237,'Duncan Linnitt','631-189-3971'),(486,'Watertown','272 Lunder Drive',1694946,255,'Vergil Rudgerd','814-611-6336'),(487,'Mentone','2285 Eastlawn Junction',1893046,98,'Prudence de Almeida','832-259-2703'),(488,'Barnstable','66 Glacier Hill Lane',793994,266,'Wenda Snasel','995-743-8028'),(489,'Lawrence','041 Laurel Crossing',627553,158,'Karisa Milch','572-334-7054'),(490,'Austin','89519 Hintze Parkway',1294010,112,'Benita Seyffert','188-534-9306'),(491,'Monroe','1 Helena Park',1622839,192,'Kerrin Maitland','568-953-3463'),(492,'Akron','7 Browning Junction',1314093,332,'Gladi Pitcher','414-754-1420'),(493,'Bay City','6111 Canary Plaza',1246229,112,'Eduard Limer','704-646-2821'),(494,'Bloomington','3 Lyons Point',1434429,95,'Abeu Herrero','366-414-5856'),(495,'Duffield','543 Vera Trail',1097229,348,'Helen-elizabeth Colten','742-871-0125'),(496,'St. Martinville','127 Old Shore Drive',391591,140,'Hestia Tomalin','381-909-4849'),(497,'Allentown','011 Northfield Parkway',1044073,291,'Matilde Rubee','197-965-0532'),(498,'Harrisburg','869 Eagan Crossing',1889417,90,'Lissa Kingwell','758-958-8537'),(499,'Harrisburg','364 Buell Hill',353541,132,'Flori Larrett','782-539-2268'),(500,'Corvallis','48 Waxwing Circle',923555,321,'Caryn Alkins','617-359-2185');
/*!40000 ALTER TABLE `object_profile` ENABLE KEYS */;
UNLOCK TABLES;

--
-- Table structure for table `object_type`
--

DROP TABLE IF EXISTS `object_type`;
/*!40101 SET @saved_cs_client     = @@character_set_client */;
/*!50503 SET character_set_client = utf8mb4 */;
CREATE TABLE `object_type` (
  `id` int unsigned NOT NULL AUTO_INCREMENT,
  `type` varchar(50) NOT NULL,
  PRIMARY KEY (`id`),
  UNIQUE KEY `type` (`type`)
) ENGINE=InnoDB AUTO_INCREMENT=5 DEFAULT CHARSET=utf8mb4 COLLATE=utf8mb4_0900_ai_ci;
/*!40101 SET character_set_client = @saved_cs_client */;

--
-- Dumping data for table `object_type`
--

LOCK TABLES `object_type` WRITE;
/*!40000 ALTER TABLE `object_type` DISABLE KEYS */;
INSERT INTO `object_type` VALUES (1,'appartment'),(4,'commerce'),(2,'flat'),(3,'house');
/*!40000 ALTER TABLE `object_type` ENABLE KEYS */;
UNLOCK TABLES;

--
-- Table structure for table `objects`
--

DROP TABLE IF EXISTS `objects`;
/*!40101 SET @saved_cs_client     = @@character_set_client */;
/*!50503 SET character_set_client = utf8mb4 */;
CREATE TABLE `objects` (
  `id` bigint unsigned NOT NULL AUTO_INCREMENT,
  `object_type_id` int unsigned NOT NULL,
  `personal_id` bigint unsigned NOT NULL,
  `deal_type_id` int unsigned NOT NULL,
  `created_at` datetime NOT NULL DEFAULT CURRENT_TIMESTAMP,
  `closing_date` datetime DEFAULT NULL,
  `status` enum('active','closed') DEFAULT 'active',
  PRIMARY KEY (`id`),
  KEY `deal_type_id` (`deal_type_id`),
  KEY `personal_id` (`personal_id`),
  KEY `object_type_id` (`object_type_id`),
  CONSTRAINT `objects_ibfk_2` FOREIGN KEY (`deal_type_id`) REFERENCES `deal_type` (`id`),
  CONSTRAINT `objects_ibfk_3` FOREIGN KEY (`personal_id`) REFERENCES `personal` (`id`),
  CONSTRAINT `objects_ibfk_4` FOREIGN KEY (`object_type_id`) REFERENCES `object_type` (`id`)
) ENGINE=InnoDB AUTO_INCREMENT=502 DEFAULT CHARSET=utf8mb4 COLLATE=utf8mb4_0900_ai_ci;
/*!40101 SET character_set_client = @saved_cs_client */;

--
-- Dumping data for table `objects`
--

LOCK TABLES `objects` WRITE;
/*!40000 ALTER TABLE `objects` DISABLE KEYS */;
INSERT INTO `objects` VALUES (1,1,40,2,'2021-03-24 13:36:51',NULL,'active'),(2,3,64,2,'2020-07-05 21:40:49','2020-10-16 21:03:33','closed'),(3,2,55,2,'2020-04-24 19:33:33','2021-06-10 12:55:08','closed'),(4,1,31,2,'2021-06-23 08:45:18','2021-07-23 09:45:18','closed'),(5,3,29,1,'2020-07-17 09:05:56',NULL,'active'),(6,2,45,1,'2021-03-11 19:13:47',NULL,'active'),(7,2,45,2,'2021-05-16 20:51:07','2021-05-20 16:50:22','closed'),(8,4,97,2,'2020-04-29 22:34:18','2020-06-03 06:21:28','closed'),(9,3,7,2,'2020-06-05 02:18:11',NULL,'active'),(10,2,24,2,'2021-02-14 15:48:04',NULL,'active'),(11,4,87,2,'2021-05-18 00:05:49',NULL,'active'),(12,3,56,1,'2020-07-20 01:04:53',NULL,'active'),(13,1,59,1,'2020-01-23 05:07:00','2021-06-02 11:37:03','closed'),(14,4,90,2,'2020-02-03 22:20:24',NULL,'active'),(15,1,37,1,'2020-04-03 00:21:03',NULL,'active'),(16,2,76,2,'2020-12-19 06:44:03',NULL,'active'),(17,2,10,1,'2021-02-09 08:37:07','2021-02-11 02:45:40','closed'),(18,3,93,2,'2021-02-24 22:53:29',NULL,'active'),(19,2,8,2,'2020-12-08 16:36:05','2021-01-06 15:42:22','closed'),(20,2,11,1,'2021-03-16 14:19:59',NULL,'active'),(21,1,23,1,'2020-04-02 21:51:41',NULL,'active'),(22,2,40,2,'2020-07-23 18:18:32',NULL,'active'),(23,2,12,1,'2020-07-18 01:57:36','2020-12-06 11:18:22','closed'),(24,4,77,1,'2021-01-06 02:52:29',NULL,'active'),(25,2,81,1,'2020-06-25 08:29:39',NULL,'active'),(26,3,99,1,'2020-10-21 09:50:47',NULL,'active'),(27,1,69,2,'2021-01-31 23:45:03',NULL,'active'),(28,3,100,2,'2020-01-20 17:12:54',NULL,'active'),(29,2,11,1,'2021-05-20 14:49:25',NULL,'active'),(30,4,59,1,'2020-11-10 22:28:22',NULL,'active'),(31,4,72,1,'2020-02-17 19:53:40',NULL,'active'),(32,2,78,2,'2020-12-22 08:03:14',NULL,'active'),(33,3,51,2,'2020-01-21 04:35:12',NULL,'active'),(34,1,15,1,'2020-04-03 22:46:19',NULL,'active'),(35,4,49,2,'2021-02-03 04:06:03',NULL,'active'),(36,3,8,1,'2020-04-06 00:11:20',NULL,'active'),(37,4,40,2,'2020-12-10 12:38:34',NULL,'active'),(38,1,30,2,'2020-12-18 14:38:52',NULL,'active'),(39,1,50,1,'2020-07-02 11:18:38',NULL,'active'),(40,1,60,2,'2021-01-20 12:36:35',NULL,'active'),(41,3,3,2,'2020-10-22 05:07:02','2021-03-15 08:41:31','closed'),(42,3,94,1,'2020-11-05 11:45:29',NULL,'active'),(43,4,64,1,'2020-04-25 19:26:20',NULL,'active'),(44,3,88,1,'2020-06-25 13:55:17',NULL,'active'),(45,4,83,1,'2021-06-09 11:17:27',NULL,'active'),(46,4,32,2,'2021-04-24 14:41:27','2021-04-28 09:44:18','closed'),(47,3,85,2,'2020-10-02 15:34:55',NULL,'active'),(48,3,42,2,'2021-04-10 09:50:14',NULL,'active'),(49,3,49,1,'2021-02-22 02:26:30','2021-05-31 13:29:05','closed'),(50,2,100,2,'2020-05-28 06:41:48',NULL,'active'),(51,1,57,2,'2020-01-14 02:09:33','2020-09-10 11:22:06','closed'),(52,1,10,1,'2020-05-26 14:42:24','2020-06-01 23:14:53','closed'),(53,1,99,2,'2020-05-27 19:03:22',NULL,'active'),(54,4,97,1,'2020-10-16 03:09:39',NULL,'active'),(55,2,4,2,'2021-04-01 06:38:13',NULL,'active'),(56,1,32,2,'2020-11-27 23:42:11',NULL,'active'),(57,4,78,2,'2020-10-08 02:36:16','2020-12-17 14:04:52','closed'),(58,1,48,2,'2021-02-03 13:54:51',NULL,'active'),(59,1,53,1,'2020-03-13 13:45:26','2020-09-29 06:06:11','closed'),(60,4,24,2,'2020-08-14 03:02:39','2020-09-30 07:07:54','closed'),(61,1,11,1,'2021-01-01 21:57:01',NULL,'active'),(62,1,92,2,'2020-03-15 04:37:10',NULL,'active'),(63,3,60,2,'2020-11-28 05:14:47','2020-12-13 02:28:45','closed'),(64,1,61,2,'2020-12-22 12:22:29','2021-04-25 21:08:21','closed'),(65,2,58,1,'2020-08-27 22:08:03',NULL,'active'),(66,4,50,1,'2020-04-30 01:32:53',NULL,'active'),(67,3,11,1,'2021-02-10 13:20:15',NULL,'active'),(68,3,87,2,'2020-02-24 14:02:38','2020-03-15 08:07:29','closed'),(69,4,69,2,'2020-04-25 06:12:26','2020-09-14 13:24:20','closed'),(70,4,55,2,'2021-02-06 12:54:20',NULL,'active'),(71,1,15,1,'2020-02-18 21:54:25',NULL,'active'),(72,1,86,2,'2020-04-08 22:49:07',NULL,'active'),(73,3,93,2,'2020-12-04 00:22:20',NULL,'active'),(74,1,70,1,'2020-11-07 05:24:24',NULL,'active'),(75,4,73,1,'2021-06-16 01:54:59','2021-06-20 20:16:30','closed'),(76,4,25,1,'2020-04-18 17:21:45',NULL,'active'),(77,4,71,2,'2021-06-29 09:03:51',NULL,'active'),(78,3,75,2,'2020-09-03 17:14:02',NULL,'active'),(79,1,58,2,'2020-05-03 10:58:37',NULL,'active'),(80,4,38,1,'2021-02-07 03:11:03',NULL,'active'),(81,3,54,2,'2020-01-28 06:59:25',NULL,'active'),(82,1,30,2,'2021-06-09 01:23:59',NULL,'active'),(83,2,90,1,'2021-01-24 10:01:42',NULL,'active'),(84,1,67,2,'2020-12-27 21:56:33',NULL,'active'),(85,3,40,1,'2020-04-05 07:37:44',NULL,'active'),(86,1,71,1,'2021-03-28 20:18:59',NULL,'active'),(87,4,62,1,'2020-12-26 06:41:48',NULL,'active'),(88,4,16,1,'2021-03-08 20:32:05',NULL,'active'),(89,3,86,1,'2021-06-21 10:35:04','2021-06-24 09:12:28','closed'),(90,2,66,1,'2020-11-02 15:19:06',NULL,'active'),(91,3,41,2,'2021-03-22 20:50:18',NULL,'active'),(92,3,89,1,'2020-08-20 10:14:14',NULL,'active'),(93,4,39,1,'2020-12-13 12:40:18',NULL,'active'),(94,4,74,1,'2021-05-09 08:38:50',NULL,'active'),(95,2,14,1,'2020-12-13 05:13:18','2021-03-24 23:56:27','closed'),(96,2,51,2,'2020-08-31 00:10:03','2020-11-27 08:18:50','closed'),(97,4,58,2,'2020-06-12 09:10:20','2020-11-15 14:05:39','closed'),(98,4,44,1,'2020-03-18 21:21:37',NULL,'active'),(99,4,60,2,'2021-03-01 07:17:03','2021-03-31 17:45:08','closed'),(100,2,2,1,'2020-10-01 20:20:29','2021-05-04 14:45:11','closed'),(101,2,12,2,'2020-03-29 07:51:17','2020-11-12 07:46:17','closed'),(102,3,40,2,'2020-05-23 02:14:59','2020-07-21 03:32:17','closed'),(103,3,34,2,'2021-03-16 11:41:06',NULL,'active'),(104,2,88,2,'2020-06-04 03:40:33','2020-11-28 11:57:35','closed'),(105,1,78,2,'2021-05-31 07:19:32',NULL,'active'),(106,3,25,1,'2021-05-13 01:36:00',NULL,'active'),(107,1,42,2,'2021-01-30 10:01:29',NULL,'active'),(108,2,92,1,'2021-04-17 21:19:24',NULL,'active'),(109,2,3,1,'2020-04-06 04:32:37',NULL,'active'),(110,3,84,1,'2020-05-04 06:44:53','2021-02-15 22:19:58','closed'),(111,2,19,1,'2020-11-18 20:06:37','2021-02-18 05:35:39','closed'),(112,2,48,2,'2020-06-08 08:18:28','2020-08-11 12:51:24','closed'),(113,3,14,1,'2020-12-20 05:12:32',NULL,'active'),(114,2,3,1,'2020-07-30 01:07:15',NULL,'active'),(115,4,52,1,'2021-06-02 13:58:42','2021-06-18 12:01:09','closed'),(116,4,73,1,'2020-12-07 18:31:48','2020-12-27 17:12:07','closed'),(117,2,25,1,'2020-05-23 02:42:56',NULL,'active'),(118,2,82,2,'2020-08-04 05:59:18',NULL,'active'),(119,2,2,2,'2020-04-15 21:47:43',NULL,'active'),(120,4,72,1,'2021-02-10 19:00:44',NULL,'active'),(121,2,42,2,'2020-04-08 05:40:32',NULL,'active'),(122,3,1,2,'2020-11-28 19:20:31',NULL,'active'),(123,4,50,1,'2020-10-14 07:41:02',NULL,'active'),(124,4,31,2,'2021-03-04 04:23:37',NULL,'active'),(125,2,68,1,'2020-07-15 22:55:03','2020-11-05 06:09:43','closed'),(126,2,24,1,'2020-08-14 05:24:24','2020-08-19 10:33:00','closed'),(127,1,32,2,'2021-06-14 06:16:54','2021-06-15 01:35:20','closed'),(128,2,48,2,'2020-12-20 15:11:20',NULL,'active'),(129,3,95,1,'2020-06-21 09:06:00','2021-01-02 04:17:33','closed'),(130,4,2,1,'2020-11-19 23:56:01','2021-04-26 10:15:39','closed'),(131,3,32,1,'2020-01-21 20:22:06','2020-07-29 03:48:06','closed'),(132,1,63,1,'2020-07-13 06:02:29',NULL,'active'),(133,4,80,1,'2020-12-28 17:06:10',NULL,'active'),(134,1,8,1,'2020-05-28 19:23:24','2021-05-12 07:46:29','closed'),(135,1,13,1,'2020-06-30 21:38:34',NULL,'active'),(136,4,93,1,'2021-03-29 02:02:37',NULL,'active'),(137,2,57,1,'2020-04-11 17:17:28',NULL,'active'),(138,1,72,2,'2020-07-30 08:19:29','2020-11-17 21:44:58','closed'),(139,2,92,1,'2020-07-24 13:45:03',NULL,'active'),(140,2,91,1,'2021-01-18 19:46:51',NULL,'active'),(141,1,39,2,'2020-08-08 09:39:06','2021-02-13 03:35:26','closed'),(142,2,73,2,'2021-04-21 12:55:01','2021-05-07 01:20:35','closed'),(143,2,38,2,'2020-04-13 11:37:49',NULL,'active'),(144,2,4,2,'2020-05-29 19:24:04',NULL,'active'),(145,1,36,1,'2021-03-04 14:06:54','2021-06-06 06:02:57','closed'),(146,1,13,1,'2020-03-16 12:22:18',NULL,'active'),(147,3,46,2,'2020-06-02 19:30:53',NULL,'active'),(148,2,40,2,'2021-06-16 12:27:30',NULL,'active'),(149,4,31,2,'2020-02-17 03:44:53',NULL,'active'),(150,2,15,1,'2020-08-24 05:21:58',NULL,'active'),(151,2,71,2,'2021-05-08 15:35:12','2021-05-31 08:33:35','closed'),(152,4,50,2,'2020-05-21 13:50:08','2020-07-06 00:26:09','closed'),(153,1,98,2,'2020-10-15 22:25:07','2020-10-23 02:26:48','closed'),(154,2,37,1,'2021-04-18 22:35:13',NULL,'active'),(155,4,82,2,'2021-02-24 21:40:44',NULL,'active'),(156,3,91,2,'2020-05-16 16:38:03',NULL,'active'),(157,3,76,2,'2021-04-27 18:08:05',NULL,'active'),(158,1,64,2,'2021-01-20 16:46:19',NULL,'active'),(159,3,64,2,'2021-04-15 05:27:23',NULL,'active'),(160,1,43,2,'2020-04-22 00:58:00',NULL,'active'),(161,1,3,1,'2020-07-30 12:27:54',NULL,'active'),(162,2,65,1,'2020-06-24 11:25:30',NULL,'active'),(163,3,38,1,'2020-08-20 19:43:51',NULL,'active'),(164,4,71,1,'2020-04-01 16:22:48',NULL,'active'),(165,1,54,1,'2020-10-12 22:42:28',NULL,'active'),(166,1,5,1,'2020-03-13 16:24:00',NULL,'active'),(167,3,45,1,'2020-02-01 13:52:36','2021-02-09 17:46:43','closed'),(168,2,27,1,'2021-04-10 20:11:00','2021-04-21 12:42:27','closed'),(169,2,26,1,'2020-03-21 11:17:17','2020-12-23 08:22:39','closed'),(170,2,67,1,'2020-03-07 19:53:27','2021-01-23 06:48:22','closed'),(171,1,2,1,'2020-03-23 17:35:27',NULL,'active'),(172,4,69,2,'2020-07-22 04:16:55','2020-12-03 00:01:44','closed'),(173,3,72,1,'2020-08-09 16:38:18','2021-04-18 23:09:10','closed'),(174,4,34,2,'2021-05-03 22:20:44',NULL,'active'),(175,2,69,2,'2020-06-10 13:48:48',NULL,'active'),(176,1,54,2,'2021-02-07 02:01:48',NULL,'active'),(177,1,27,2,'2021-03-24 16:42:41','2021-04-24 06:11:04','closed'),(178,3,55,1,'2021-05-03 05:28:04',NULL,'active'),(179,2,60,2,'2020-01-14 01:12:17',NULL,'active'),(180,1,92,1,'2020-07-17 13:37:17','2020-11-09 23:18:39','closed'),(181,3,49,1,'2021-02-11 16:29:33',NULL,'active'),(182,4,67,1,'2020-12-26 17:35:56',NULL,'active'),(183,3,87,1,'2020-02-04 14:31:04','2020-06-25 03:12:29','closed'),(184,4,5,2,'2020-06-01 19:47:34','2021-04-22 13:42:12','closed'),(185,3,67,2,'2020-04-24 07:24:40',NULL,'active'),(186,2,90,2,'2020-04-13 01:40:39','2020-07-04 08:24:48','closed'),(187,1,71,1,'2020-06-11 10:09:20','2021-01-11 10:51:17','closed'),(188,3,89,1,'2021-05-07 21:44:41',NULL,'active'),(189,4,65,1,'2020-12-25 06:15:29',NULL,'active'),(190,2,23,1,'2020-11-03 14:03:23','2021-04-01 13:36:38','closed'),(191,3,38,1,'2021-03-26 03:30:32','2021-06-15 09:38:14','closed'),(192,4,11,1,'2020-09-02 23:22:33','2021-05-11 17:51:11','closed'),(193,3,80,1,'2021-02-09 10:21:09','2021-02-17 12:03:55','closed'),(194,1,44,2,'2020-07-26 05:38:07',NULL,'active'),(195,3,25,1,'2020-12-11 21:07:12','2021-05-09 10:24:32','closed'),(196,3,38,2,'2020-01-26 16:41:42',NULL,'active'),(197,1,63,2,'2020-06-01 20:06:54','2020-09-06 20:22:13','closed'),(198,1,34,2,'2020-05-21 02:29:26','2021-03-04 18:44:15','closed'),(199,1,33,1,'2020-08-25 00:06:31',NULL,'active'),(200,1,47,1,'2020-08-03 17:04:18',NULL,'active'),(201,2,30,2,'2020-12-23 13:02:01',NULL,'active'),(202,3,18,2,'2020-02-28 13:57:10',NULL,'active'),(203,4,65,1,'2020-10-09 06:39:50',NULL,'active'),(204,3,20,2,'2020-06-02 15:27:42',NULL,'active'),(205,4,13,1,'2021-03-23 09:19:02',NULL,'active'),(206,4,29,1,'2020-06-07 00:12:05',NULL,'active'),(207,1,93,2,'2021-05-24 21:03:20',NULL,'active'),(208,4,84,2,'2021-04-02 08:40:26',NULL,'active'),(209,2,79,1,'2020-07-30 04:12:14','2021-01-05 17:52:18','closed'),(210,2,31,1,'2020-07-28 18:59:55',NULL,'active'),(211,2,81,2,'2021-02-09 10:22:53',NULL,'active'),(212,1,69,1,'2020-11-11 18:54:43',NULL,'active'),(213,3,44,2,'2020-12-18 15:24:57','2021-01-17 17:20:18','closed'),(214,1,6,1,'2020-09-26 20:20:40',NULL,'active'),(215,1,45,1,'2020-10-08 07:28:30',NULL,'active'),(216,3,43,2,'2020-02-21 00:20:31',NULL,'active'),(217,4,27,2,'2021-04-18 03:17:09',NULL,'active'),(218,4,31,1,'2020-02-28 15:24:14','2020-04-21 22:59:28','closed'),(219,1,17,1,'2021-04-16 19:09:42',NULL,'active'),(220,1,74,2,'2020-01-30 01:35:53','2021-05-08 04:34:23','closed'),(221,3,46,1,'2020-11-23 22:30:18',NULL,'active'),(222,2,62,2,'2021-04-15 11:43:55',NULL,'active'),(223,3,14,1,'2020-10-13 15:08:41',NULL,'active'),(224,1,42,2,'2020-01-12 16:31:44',NULL,'active'),(225,1,50,2,'2020-09-17 13:12:40',NULL,'active'),(226,3,37,1,'2020-07-04 16:28:10',NULL,'active'),(227,3,53,1,'2020-05-16 18:42:49','2021-03-07 07:15:16','closed'),(228,1,73,1,'2020-04-26 20:09:39',NULL,'active'),(229,4,68,1,'2020-06-12 20:39:50',NULL,'active'),(230,1,68,1,'2021-04-03 18:50:15',NULL,'active'),(231,1,66,1,'2020-07-03 08:11:45',NULL,'active'),(232,2,73,1,'2020-03-12 08:28:02',NULL,'active'),(233,1,89,2,'2020-11-25 17:44:57','2021-03-01 20:56:12','closed'),(234,4,82,1,'2020-12-18 15:20:43',NULL,'active'),(235,3,17,2,'2020-08-15 23:28:44','2020-12-09 02:30:21','closed'),(236,1,100,2,'2020-03-12 23:21:32','2020-05-13 01:35:10','closed'),(237,4,61,2,'2020-07-20 22:21:29',NULL,'active'),(238,3,59,1,'2020-09-04 17:42:53',NULL,'active'),(239,3,66,2,'2020-03-27 21:30:00','2020-05-25 05:28:19','closed'),(240,4,41,2,'2020-08-05 06:21:23',NULL,'active'),(241,3,19,2,'2020-10-06 15:16:58','2020-12-31 00:08:10','closed'),(242,4,35,2,'2020-07-19 09:20:43',NULL,'active'),(243,3,94,1,'2020-06-02 00:52:42',NULL,'active'),(244,2,85,2,'2020-06-03 00:21:25',NULL,'active'),(245,2,77,2,'2020-10-27 23:09:00',NULL,'active'),(246,2,18,2,'2021-05-11 18:40:47',NULL,'active'),(247,4,33,1,'2021-05-13 23:56:58',NULL,'active'),(248,4,71,1,'2021-04-03 15:42:31','2021-04-10 21:53:08','closed'),(249,4,85,2,'2020-09-07 06:41:41','2020-09-25 19:10:32','closed'),(250,2,52,2,'2021-02-05 10:20:54',NULL,'active'),(251,1,23,1,'2020-06-23 07:39:29',NULL,'active'),(252,2,85,1,'2020-07-12 07:14:47','2020-10-18 23:12:56','closed'),(253,1,32,2,'2021-03-09 13:15:27',NULL,'active'),(254,3,60,2,'2021-05-20 20:32:57',NULL,'active'),(255,3,65,1,'2020-05-26 14:58:27','2020-09-16 20:57:16','closed'),(256,1,81,1,'2020-10-04 13:13:24',NULL,'active'),(257,3,2,2,'2021-02-05 21:11:42',NULL,'active'),(258,1,20,2,'2020-04-04 18:18:19',NULL,'active'),(259,4,42,1,'2020-11-26 03:56:33',NULL,'active'),(260,2,14,2,'2020-10-11 12:47:48',NULL,'active'),(261,3,61,1,'2021-02-26 04:09:25',NULL,'active'),(262,3,83,2,'2020-06-24 06:23:43',NULL,'active'),(263,3,10,2,'2020-05-15 19:30:21',NULL,'active'),(264,4,44,2,'2020-05-23 06:20:37',NULL,'active'),(265,2,17,1,'2020-10-25 21:12:05',NULL,'active'),(266,1,12,2,'2021-06-02 14:58:37',NULL,'active'),(267,1,11,1,'2020-03-19 11:16:53',NULL,'active'),(268,2,57,1,'2021-03-10 11:28:34',NULL,'active'),(269,2,29,2,'2020-11-14 23:32:11',NULL,'active'),(270,4,75,1,'2020-10-08 11:15:18','2021-03-27 17:25:30','closed'),(271,1,24,1,'2021-03-16 09:39:56',NULL,'active'),(272,1,22,1,'2020-10-02 14:33:49','2021-01-29 06:54:08','closed'),(273,3,30,1,'2020-02-16 19:49:18',NULL,'active'),(274,2,35,1,'2021-04-14 07:25:07',NULL,'active'),(275,1,85,1,'2020-02-22 01:37:42',NULL,'active'),(276,2,24,2,'2021-03-26 09:53:10',NULL,'active'),(277,2,42,1,'2021-04-22 20:32:47',NULL,'active'),(278,1,77,1,'2021-05-07 01:04:26',NULL,'active'),(279,3,97,2,'2021-04-25 15:43:51','2021-05-21 14:41:46','closed'),(280,4,35,1,'2021-01-16 03:26:00',NULL,'active'),(281,3,39,2,'2021-03-29 17:58:29',NULL,'active'),(282,1,29,2,'2020-02-13 07:34:28',NULL,'active'),(283,3,85,1,'2021-03-29 07:56:56',NULL,'active'),(284,1,36,2,'2021-06-02 17:01:14','2021-06-28 06:34:25','closed'),(285,4,98,1,'2020-05-31 13:15:27',NULL,'active'),(286,3,77,2,'2020-09-20 15:13:35','2021-05-07 08:49:15','closed'),(287,4,40,2,'2020-11-13 12:21:36',NULL,'active'),(288,3,98,2,'2020-09-07 16:07:15',NULL,'active'),(289,2,92,2,'2020-10-17 19:31:30',NULL,'active'),(290,1,39,2,'2020-06-05 01:15:45',NULL,'active'),(291,2,100,1,'2021-03-09 19:44:17','2021-05-24 15:14:41','closed'),(292,1,86,2,'2020-03-23 22:54:13',NULL,'active'),(293,2,3,1,'2020-06-24 07:18:18','2021-05-08 09:58:54','closed'),(294,2,95,1,'2020-03-22 15:48:49',NULL,'active'),(295,1,49,2,'2021-02-12 09:09:17','2021-04-22 10:28:02','closed'),(296,4,57,2,'2020-06-27 22:19:56',NULL,'active'),(297,1,45,1,'2020-07-14 12:11:54','2021-03-04 04:23:10','closed'),(298,3,10,1,'2021-03-06 17:59:42','2021-06-07 09:51:04','closed'),(299,4,58,1,'2021-04-30 05:22:52',NULL,'active'),(300,1,45,2,'2020-02-21 20:55:14',NULL,'active'),(301,1,20,2,'2021-02-05 16:27:38',NULL,'active'),(302,1,52,1,'2020-08-22 19:32:28',NULL,'active'),(303,1,50,1,'2021-05-10 00:19:28','2021-06-22 09:05:02','closed'),(304,2,51,2,'2020-06-01 15:00:00',NULL,'active'),(305,1,4,2,'2020-12-06 02:01:35',NULL,'active'),(306,2,79,2,'2020-06-09 13:07:57','2020-11-12 04:19:25','closed'),(307,4,78,1,'2020-11-04 11:35:03','2021-03-13 08:15:45','closed'),(308,4,100,1,'2021-05-29 18:31:26',NULL,'active'),(309,2,84,2,'2020-01-31 09:52:02','2021-06-23 03:51:57','closed'),(310,3,18,2,'2020-07-24 17:45:56',NULL,'active'),(311,1,40,1,'2021-01-26 11:13:36','2021-04-09 06:01:25','closed'),(312,3,44,2,'2020-09-15 02:50:12',NULL,'active'),(313,2,97,2,'2020-04-16 04:30:13','2020-10-22 18:32:44','closed'),(314,4,8,1,'2020-10-09 14:00:31','2020-12-23 02:14:00','closed'),(315,4,79,2,'2020-01-13 08:31:58','2020-08-08 17:38:27','closed'),(316,1,46,1,'2020-10-03 00:38:20',NULL,'active'),(317,4,20,1,'2020-09-18 01:35:48',NULL,'active'),(318,1,72,2,'2021-04-12 06:04:02',NULL,'active'),(319,4,88,2,'2021-04-16 01:32:47',NULL,'active'),(320,2,9,2,'2021-02-11 13:31:52',NULL,'active'),(321,1,55,2,'2020-03-19 15:00:59','2020-06-10 02:02:28','closed'),(322,3,42,1,'2020-08-20 10:29:22',NULL,'active'),(323,2,86,1,'2021-01-15 07:23:54',NULL,'active'),(324,4,79,1,'2020-05-02 05:31:26',NULL,'active'),(325,3,28,1,'2021-06-16 05:25:29',NULL,'active'),(326,1,21,2,'2020-05-20 10:33:09',NULL,'active'),(327,4,20,1,'2020-06-16 12:29:19',NULL,'active'),(328,4,68,1,'2021-02-10 06:47:09',NULL,'active'),(329,4,5,1,'2021-03-22 20:27:52',NULL,'active'),(330,3,28,1,'2021-04-14 09:57:52',NULL,'active'),(331,4,64,2,'2021-04-05 12:25:49',NULL,'active'),(332,3,5,2,'2020-12-14 08:15:32',NULL,'active'),(333,2,25,2,'2020-12-16 04:00:11',NULL,'active'),(334,4,41,1,'2020-06-08 19:14:25',NULL,'active'),(335,3,49,1,'2020-10-01 12:11:31',NULL,'active'),(336,1,88,1,'2020-12-13 03:14:22',NULL,'active'),(337,2,22,1,'2021-01-01 03:37:19',NULL,'active'),(338,4,81,1,'2020-08-31 08:23:33','2021-02-01 19:26:25','closed'),(339,2,73,1,'2020-04-18 07:05:48',NULL,'active'),(340,4,27,2,'2020-12-03 10:18:25',NULL,'active'),(341,1,22,2,'2020-10-07 06:14:41','2020-10-19 23:05:46','closed'),(342,2,32,1,'2021-01-14 00:18:14',NULL,'active'),(343,4,7,1,'2021-05-23 06:47:09',NULL,'active'),(344,3,80,2,'2020-11-18 09:01:04',NULL,'active'),(345,3,33,2,'2020-03-18 00:43:56','2020-04-06 11:31:25','closed'),(346,4,9,2,'2021-04-25 00:36:27',NULL,'active'),(347,4,9,2,'2020-01-16 00:50:32',NULL,'active'),(348,1,9,1,'2020-08-21 02:23:20',NULL,'active'),(349,2,25,1,'2020-02-08 09:25:06',NULL,'active'),(350,3,43,1,'2020-01-19 15:55:31','2021-02-16 22:27:12','closed'),(351,1,68,2,'2021-05-19 03:22:22',NULL,'active'),(352,1,57,2,'2020-11-06 17:05:15',NULL,'active'),(353,2,52,2,'2020-02-01 03:19:14',NULL,'active'),(354,1,27,2,'2020-10-12 13:20:25','2021-03-26 09:31:42','closed'),(355,2,52,2,'2020-09-09 08:44:26',NULL,'active'),(356,3,25,2,'2021-01-30 03:40:55',NULL,'active'),(357,2,96,1,'2020-05-16 16:11:21','2020-11-17 12:30:28','closed'),(358,3,11,1,'2020-01-24 21:54:03','2021-04-14 04:43:41','closed'),(359,3,95,2,'2020-08-23 12:56:12','2020-12-18 09:10:21','closed'),(360,4,41,1,'2020-01-24 22:58:54',NULL,'active'),(361,3,55,1,'2021-04-20 04:05:55','2021-05-19 09:50:39','closed'),(362,1,31,1,'2020-05-29 23:32:55',NULL,'active'),(363,1,80,2,'2021-01-21 09:26:53',NULL,'active'),(364,4,76,1,'2021-02-04 00:35:40',NULL,'active'),(365,1,25,2,'2020-10-21 22:37:42',NULL,'active'),(366,1,99,2,'2020-09-21 15:21:32',NULL,'active'),(367,2,58,2,'2021-03-04 08:54:37',NULL,'active'),(368,3,48,2,'2020-09-22 22:28:31','2021-05-20 13:29:12','closed'),(369,1,75,2,'2020-02-04 13:38:45','2020-02-17 07:52:55','closed'),(370,2,89,2,'2021-03-13 00:48:13','2021-04-05 12:29:35','closed'),(371,2,10,2,'2021-04-08 11:04:51',NULL,'active'),(372,1,21,1,'2021-04-05 04:59:40',NULL,'active'),(373,2,86,2,'2020-12-30 15:43:47',NULL,'active'),(374,3,25,1,'2021-03-08 15:39:57','2021-06-28 19:33:10','closed'),(375,3,92,1,'2021-06-07 07:08:26','2021-06-12 09:03:25','closed'),(376,3,29,2,'2020-08-24 12:42:21',NULL,'active'),(377,3,25,2,'2020-05-18 18:06:29',NULL,'active'),(378,4,75,1,'2021-05-25 04:25:22',NULL,'active'),(379,2,68,1,'2021-05-31 15:47:28',NULL,'active'),(380,3,53,1,'2021-05-21 17:41:15','2021-06-12 17:36:37','closed'),(381,4,40,1,'2021-03-13 17:03:51',NULL,'active'),(382,1,48,2,'2020-05-02 08:15:34',NULL,'active'),(383,2,100,1,'2020-12-26 14:06:19',NULL,'active'),(384,1,27,2,'2020-12-19 21:44:56','2021-03-03 01:59:22','closed'),(385,1,37,1,'2020-05-21 18:25:45',NULL,'active'),(386,1,15,2,'2020-06-22 02:54:00','2021-05-23 02:17:51','closed'),(387,4,69,2,'2021-03-06 07:12:45',NULL,'active'),(388,1,4,1,'2020-01-15 03:21:48',NULL,'active'),(389,4,81,2,'2021-01-12 19:10:44',NULL,'active'),(390,3,16,2,'2020-08-16 13:48:21',NULL,'active'),(391,1,70,2,'2021-06-19 11:29:35',NULL,'active'),(392,2,97,2,'2021-01-08 16:02:51',NULL,'active'),(393,3,37,2,'2020-09-08 21:45:34',NULL,'active'),(394,3,84,2,'2020-05-08 12:39:19',NULL,'active'),(395,2,43,1,'2021-02-16 21:59:56',NULL,'active'),(396,1,89,2,'2020-03-02 00:01:42',NULL,'active'),(397,2,90,1,'2020-05-08 06:08:46',NULL,'active'),(398,3,68,2,'2021-03-24 06:38:47','2021-06-19 13:50:15','closed'),(399,3,54,1,'2020-08-26 14:47:36','2021-01-04 06:28:24','closed'),(400,3,92,2,'2021-01-09 06:01:42',NULL,'active'),(401,3,66,2,'2020-03-14 09:45:46',NULL,'active'),(402,4,2,2,'2020-11-02 06:43:43',NULL,'active'),(403,2,51,1,'2020-08-17 04:21:19','2020-10-03 15:11:21','closed'),(404,4,98,2,'2020-08-05 01:35:29',NULL,'active'),(405,3,80,2,'2021-01-22 18:53:31',NULL,'active'),(406,4,15,1,'2020-07-24 17:41:11',NULL,'active'),(407,2,32,2,'2021-01-26 07:45:22',NULL,'active'),(408,3,61,1,'2020-09-14 09:43:19',NULL,'active'),(409,4,20,1,'2020-04-13 01:20:33',NULL,'active'),(410,3,6,2,'2020-09-26 01:32:47',NULL,'active'),(411,3,45,1,'2021-05-05 03:42:21','2021-06-20 18:47:06','closed'),(412,1,58,2,'2020-01-26 13:53:23','2021-01-31 03:24:44','closed'),(413,2,33,1,'2020-09-12 10:19:56',NULL,'active'),(414,2,21,1,'2020-04-28 09:59:32','2021-03-01 22:55:17','closed'),(415,2,92,2,'2020-12-17 18:57:53',NULL,'active'),(416,2,78,1,'2020-11-17 16:50:53',NULL,'active'),(417,4,19,1,'2021-06-27 03:20:47',NULL,'active'),(418,3,71,1,'2020-05-12 14:11:20','2021-04-18 15:32:32','closed'),(419,2,80,2,'2020-04-05 12:54:18',NULL,'active'),(420,4,48,1,'2020-03-10 21:57:34',NULL,'active'),(421,4,10,1,'2020-02-22 23:04:56',NULL,'active'),(422,2,45,1,'2020-02-15 01:32:02',NULL,'active'),(423,4,93,1,'2020-02-26 10:25:22','2020-04-12 16:06:34','closed'),(424,3,70,1,'2020-05-16 23:30:47',NULL,'active'),(425,3,23,2,'2021-05-20 14:17:49','2021-06-25 22:01:00','closed'),(426,4,47,2,'2021-05-14 00:56:46',NULL,'active'),(427,4,73,1,'2021-03-08 09:50:27',NULL,'active'),(428,2,58,1,'2020-04-28 22:21:59',NULL,'active'),(429,1,81,2,'2020-12-25 10:18:35',NULL,'active'),(430,2,62,1,'2020-12-24 08:26:59',NULL,'active'),(431,1,52,2,'2020-06-16 11:19:14',NULL,'active'),(432,4,39,2,'2020-10-15 07:15:15',NULL,'active'),(433,3,16,2,'2021-01-28 02:18:35',NULL,'active'),(434,1,61,2,'2020-01-19 13:47:13',NULL,'active'),(435,2,79,1,'2021-05-26 14:00:20',NULL,'active'),(436,4,73,1,'2020-12-14 04:40:05',NULL,'active'),(437,3,14,2,'2020-07-15 05:19:28',NULL,'active'),(438,3,24,2,'2021-04-07 12:37:05',NULL,'active'),(439,2,74,1,'2020-04-15 23:07:04','2021-03-12 14:18:32','closed'),(440,1,71,2,'2020-07-23 05:44:08',NULL,'active'),(441,1,84,2,'2020-06-06 07:19:30',NULL,'active'),(442,4,59,1,'2020-06-12 19:25:07','2020-12-20 11:25:33','closed'),(443,1,68,1,'2020-12-03 03:07:05',NULL,'active'),(444,4,16,2,'2020-04-22 05:20:09',NULL,'active'),(445,3,14,2,'2020-03-16 17:19:29','2020-04-25 08:56:26','closed'),(446,4,7,1,'2020-02-01 22:37:02',NULL,'active'),(447,1,48,1,'2021-04-03 13:06:45','2021-04-14 06:16:39','closed'),(448,3,12,2,'2020-02-12 21:42:39',NULL,'active'),(449,3,51,1,'2021-03-12 21:13:05','2021-05-14 19:14:53','closed'),(450,4,23,2,'2021-03-13 16:57:28',NULL,'active'),(451,3,10,2,'2020-11-27 21:08:06',NULL,'active'),(452,2,82,1,'2020-12-02 06:48:09','2021-06-21 20:44:31','closed'),(453,3,82,2,'2020-05-19 18:36:28',NULL,'active'),(454,3,7,1,'2020-08-04 00:37:54',NULL,'active'),(455,2,20,2,'2020-04-24 19:20:09','2020-06-12 04:15:36','closed'),(456,1,48,2,'2021-03-27 22:47:05','2021-06-09 01:03:07','closed'),(457,3,95,1,'2020-10-24 07:55:02',NULL,'active'),(458,2,61,2,'2020-04-30 19:13:55',NULL,'active'),(459,2,95,1,'2020-08-26 00:24:31',NULL,'active'),(460,4,65,1,'2020-10-08 16:20:53',NULL,'active'),(461,2,20,2,'2020-05-28 08:30:52',NULL,'active'),(462,2,99,1,'2021-02-26 17:31:44',NULL,'active'),(463,1,19,2,'2020-02-20 14:06:06','2020-05-19 23:44:53','closed'),(464,2,29,1,'2020-02-16 17:55:19',NULL,'active'),(465,4,8,2,'2020-03-12 23:18:20',NULL,'active'),(466,1,74,1,'2020-07-28 14:45:44',NULL,'active'),(467,3,57,2,'2020-10-13 03:53:43',NULL,'active'),(468,3,39,1,'2020-09-12 23:11:22',NULL,'active'),(469,3,58,1,'2021-02-15 08:15:46',NULL,'active'),(470,2,39,1,'2020-07-25 19:44:45','2020-08-10 08:21:32','closed'),(471,4,25,2,'2020-11-22 01:56:30',NULL,'active'),(472,3,42,1,'2021-04-08 22:28:15','2021-04-16 21:50:50','closed'),(473,2,37,1,'2020-09-16 10:31:47',NULL,'active'),(474,1,94,2,'2021-03-07 09:14:14',NULL,'active'),(475,3,36,1,'2020-10-23 14:35:49',NULL,'active'),(476,4,41,2,'2020-06-27 21:16:28',NULL,'active'),(477,4,66,1,'2021-06-14 14:34:51',NULL,'active'),(478,1,61,2,'2021-05-13 09:04:57','2021-06-15 18:33:03','closed'),(479,1,29,2,'2020-12-20 01:40:10',NULL,'active'),(480,2,52,1,'2020-09-22 05:06:03',NULL,'active'),(481,3,52,1,'2020-09-10 20:29:48','2020-09-10 22:45:18','closed'),(482,3,80,2,'2021-04-08 15:10:54','2021-06-21 08:02:24','closed'),(483,3,91,2,'2021-04-19 14:25:06',NULL,'active'),(484,1,27,2,'2021-03-12 02:32:50',NULL,'active'),(485,3,36,1,'2020-07-29 17:28:55',NULL,'active'),(486,2,80,2,'2020-09-28 07:46:05',NULL,'active'),(487,2,57,2,'2020-06-27 10:23:44','2021-02-25 00:13:08','closed'),(488,4,11,1,'2020-03-09 04:40:26','2021-06-05 10:19:39','closed'),(489,1,35,1,'2020-11-27 16:11:02',NULL,'active'),(490,4,4,2,'2021-01-06 18:53:53','2021-02-09 13:12:00','closed'),(491,2,43,1,'2020-11-13 21:56:19','2020-12-14 01:46:38','closed'),(492,1,71,1,'2021-04-09 04:59:59',NULL,'active'),(493,2,41,1,'2020-10-12 07:11:01','2021-04-03 02:44:53','closed'),(494,1,63,1,'2020-01-24 20:55:11','2020-10-21 21:04:32','closed'),(495,3,23,2,'2020-11-21 11:02:52','2021-01-10 03:30:14','closed'),(496,2,43,2,'2021-04-18 16:28:51','2021-04-29 12:40:57','closed'),(497,3,69,1,'2020-11-06 01:15:38',NULL,'active'),(498,2,69,1,'2020-04-29 04:51:40','2021-04-24 03:11:34','closed'),(499,2,77,1,'2020-07-10 20:31:28','2020-10-25 21:11:33','closed'),(500,2,10,1,'2020-02-25 16:02:20',NULL,'closed');
/*!40000 ALTER TABLE `objects` ENABLE KEYS */;
UNLOCK TABLES;
/*!50003 SET @saved_cs_client      = @@character_set_client */ ;
/*!50003 SET @saved_cs_results     = @@character_set_results */ ;
/*!50003 SET @saved_col_connection = @@collation_connection */ ;
/*!50003 SET character_set_client  = utf8mb4 */ ;
/*!50003 SET character_set_results = utf8mb4 */ ;
/*!50003 SET collation_connection  = utf8mb4_0900_ai_ci */ ;
/*!50003 SET @saved_sql_mode       = @@sql_mode */ ;
/*!50003 SET sql_mode              = 'ONLY_FULL_GROUP_BY,STRICT_TRANS_TABLES,NO_ZERO_IN_DATE,NO_ZERO_DATE,ERROR_FOR_DIVISION_BY_ZERO,NO_ENGINE_SUBSTITUTION' */ ;
DELIMITER ;;
/*!50003 CREATE*/ /*!50017 DEFINER=`Kakorinis`@`localhost`*/ /*!50003 TRIGGER `add_data_closed_deals` AFTER UPDATE ON `objects` FOR EACH ROW begin
	if old.status = 'active' and NEW.status = 'closed' then
    	insert into closed_deals (objects_id, comission, personal_encome, company_encome)
		values (old.id, 
			(select price from object_profile as o_p join objects as o on o_p.id = o.id where o.id = old.id) * 0.03,
		comission * 0.3, comission * 0.7);
	end if;
end */;;
DELIMITER ;
/*!50003 SET sql_mode              = @saved_sql_mode */ ;
/*!50003 SET character_set_client  = @saved_cs_client */ ;
/*!50003 SET character_set_results = @saved_cs_results */ ;
/*!50003 SET collation_connection  = @saved_col_connection */ ;

--
-- Table structure for table `offices_info`
--

DROP TABLE IF EXISTS `offices_info`;
/*!40101 SET @saved_cs_client     = @@character_set_client */;
/*!50503 SET character_set_client = utf8mb4 */;
CREATE TABLE `offices_info` (
  `id` bigint unsigned NOT NULL AUTO_INCREMENT,
  `adress` varchar(40) NOT NULL,
  `phone` varchar(12) NOT NULL,
  `state` char(2) NOT NULL,
  `bank_account` bigint unsigned NOT NULL,
  PRIMARY KEY (`id`),
  UNIQUE KEY `id` (`id`),
  UNIQUE KEY `phone` (`phone`),
  UNIQUE KEY `adress` (`adress`),
  KEY `state_idx` (`state`)
) ENGINE=InnoDB AUTO_INCREMENT=21 DEFAULT CHARSET=utf8mb4 COLLATE=utf8mb4_0900_ai_ci;
/*!40101 SET character_set_client = @saved_cs_client */;

--
-- Dumping data for table `offices_info`
--

LOCK TABLES `offices_info` WRITE;
/*!40000 ALTER TABLE `offices_info` DISABLE KEYS */;
INSERT INTO `offices_info` VALUES (1,'63 Walton Plaza','719-575-5844','CO',7223368055),(2,'9 Lakewood Parkway','571-985-6836','VA',9862718455),(3,'826 Lotheville Avenue','504-405-2317','LA',3203365782),(4,'355 3rd Hill','806-114-0517','TX',7923874158),(5,'585 Dawn Point','630-451-1445','IL',8133354692),(6,'04468 Canary Road','601-177-1432','MS',9296228875),(7,'41 Northland Crossing','409-331-9488','TX',7469825711),(8,'124 Hazelcrest Hill','937-284-7496','OH',4703539810),(9,'381 Dahle Crossing','503-310-5667','OR',7881669683),(10,'27 Rigney Court','540-151-3477','VA',2809621934),(11,'03722 Cottonwood Pass','814-415-9951','PA',3394520850),(12,'94966 Heffernan Point','856-498-4545','NJ',3581802317),(13,'91 Nelson Park','901-422-4215','TN',9469309944),(14,'953 Grayhawk Court','718-753-6164','NY',5022476665),(15,'197 Moulton Plaza','785-576-2239','KS',4936304891),(16,'4117 Dawn Hill','313-711-4058','MI',4667551984),(17,'3 Jenna Trail','203-319-5296','CT',6734698815),(18,'580 Huxley Alley','318-474-5566','LA',5303080684),(19,'5 Orin Circle','402-430-3323','NE',2228686700),(20,'22805 Tony Lane','318-679-3221','MA',6747032241);
/*!40000 ALTER TABLE `offices_info` ENABLE KEYS */;
UNLOCK TABLES;

--
-- Table structure for table `partner_companies`
--

DROP TABLE IF EXISTS `partner_companies`;
/*!40101 SET @saved_cs_client     = @@character_set_client */;
/*!50503 SET character_set_client = utf8mb4 */;
CREATE TABLE `partner_companies` (
  `id` bigint unsigned NOT NULL AUTO_INCREMENT,
  `name` varchar(50) NOT NULL,
  `specialization` varchar(50) NOT NULL,
  `phone` varchar(15) NOT NULL,
  PRIMARY KEY (`id`),
  UNIQUE KEY `id` (`id`)
) ENGINE=InnoDB AUTO_INCREMENT=4 DEFAULT CHARSET=utf8mb4 COLLATE=utf8mb4_0900_ai_ci;
/*!40101 SET character_set_client = @saved_cs_client */;

--
-- Dumping data for table `partner_companies`
--

LOCK TABLES `partner_companies` WRITE;
/*!40000 ALTER TABLE `partner_companies` DISABLE KEYS */;
INSERT INTO `partner_companies` VALUES (1,'corp. Crusty','home renovation','233-432-233'),(2,'corp. TRUST','bank','233-233-222'),(3,'corp. Man','helps to moving','444-555-888');
/*!40000 ALTER TABLE `partner_companies` ENABLE KEYS */;
UNLOCK TABLES;

--
-- Table structure for table `personal`
--

DROP TABLE IF EXISTS `personal`;
/*!40101 SET @saved_cs_client     = @@character_set_client */;
/*!50503 SET character_set_client = utf8mb4 */;
CREATE TABLE `personal` (
  `id` bigint unsigned NOT NULL AUTO_INCREMENT,
  `name` varchar(50) NOT NULL,
  `birthday` date NOT NULL,
  `phone` varchar(15) NOT NULL,
  `works_from` date NOT NULL,
  `office` bigint unsigned NOT NULL,
  PRIMARY KEY (`id`),
  UNIQUE KEY `phone` (`phone`),
  KEY `office` (`office`),
  KEY `birthday__idx` (`birthday`),
  CONSTRAINT `personal_ibfk_1` FOREIGN KEY (`office`) REFERENCES `offices_info` (`id`)
) ENGINE=InnoDB AUTO_INCREMENT=101 DEFAULT CHARSET=utf8mb4 COLLATE=utf8mb4_0900_ai_ci;
/*!40101 SET character_set_client = @saved_cs_client */;

--
-- Dumping data for table `personal`
--

LOCK TABLES `personal` WRITE;
/*!40000 ALTER TABLE `personal` DISABLE KEYS */;
INSERT INTO `personal` VALUES (1,'Maximilien Raven','2000-08-27','(467) 1848190','2019-08-31',7),(2,'Mohandas Money','2000-08-31','(332) 7282009','2021-08-15',12),(3,'Mattheus Quick','2001-05-24','(609) 3626831','2019-01-06',12),(4,'Hertha Goodlud','1999-12-07','(831) 2173302','2019-12-08',7),(5,'Ellen Castaner','2000-09-29','(875) 6393807','2020-11-11',13),(6,'Benji Petracci','2000-09-27','(194) 9585050','2019-05-27',2),(7,'Mariska Keener','2000-06-19','(255) 8461461','2020-09-07',17),(8,'Marinna Cluley','2000-05-29','(390) 6391406','2021-04-22',12),(9,'Neil Lawson','2001-12-02','(981) 6826513','2019-03-10',8),(10,'Allard Ainscow','1999-08-15','(452) 9590243','2020-07-12',9),(11,'Cheri Lawlor','2001-11-07','(430) 6727011','2020-10-15',20),(12,'Analise Petters','2001-01-27','(275) 8224105','2021-08-09',19),(13,'Joyous Roddan','2001-11-19','(739) 2883086','2020-04-14',17),(14,'Derick Eaton','2001-05-30','(324) 7011064','2020-08-23',4),(15,'Temple Sjollema','2001-02-03','(213) 4611652','2021-01-12',4),(16,'Hershel Stoney','2001-02-03','(973) 9279372','2020-02-18',9),(17,'Blondelle Cargo','2000-12-20','(932) 5367652','2021-08-20',16),(18,'Aylmer Dymott','2001-12-16','(844) 1701996','2019-01-09',1),(19,'Di Adcocks','2001-06-23','(997) 5122421','2019-01-16',16),(20,'Marci Grinyer','2000-10-08','(786) 3863013','2021-06-03',8),(21,'Sandie Rodder','2001-12-13','(535) 7092472','2020-05-08',9),(22,'Nathalia Levett','2001-08-27','(107) 2261183','2019-11-24',16),(23,'Nani Tresise','2000-02-01','(251) 6322702','2020-01-11',2),(24,'Redford Kennicott','2000-02-23','(240) 6755760','2020-01-05',19),(25,'Marlo Robertacci','2001-11-24','(696) 7439510','2019-12-07',16),(26,'Washington Causton','1999-10-19','(721) 4272451','2020-04-04',2),(27,'Lindsey de Villier','2000-03-06','(648) 4219374','2020-05-06',5),(28,'Elane Headford','2001-03-20','(184) 6301247','2019-11-11',17),(29,'Beitris Evitts','2001-02-12','(725) 9414562','2021-07-29',3),(30,'Leesa Vasilik','2001-07-29','(129) 7909502','2020-03-10',2),(31,'Ron Housecraft','2001-07-29','(223) 6102042','2020-09-09',3),(32,'Tanney Livick','2000-11-14','(714) 7782895','2019-05-20',1),(33,'Sorcha Wagenen','2000-12-30','(867) 6761705','2021-02-28',20),(34,'Jay Hartmann','2000-03-16','(905) 6327386','2020-04-22',7),(35,'Bert Farnish','2001-12-02','(816) 3150715','2019-03-02',15),(36,'Lu Tuxill','2000-11-05','(739) 9680766','2020-10-15',1),(37,'Collete Gerrels','2000-08-13','(263) 4449263','2021-02-03',12),(38,'Mireille Bustin','1999-11-05','(678) 8339665','2021-08-03',3),(39,'Yurik Lummus','2001-12-20','(661) 5040784','2020-07-05',17),(40,'Thomas Portingale','2001-05-20','(949) 2284922','2021-03-06',3),(41,'Melicent Jandak','1999-08-20','(629) 3373318','2019-03-29',16),(42,'Merill Stichall','2001-04-18','(479) 8923507','2019-08-18',16),(43,'Byrann Readman','1999-11-03','(961) 1750519','2020-02-11',18),(44,'Nealson McVrone','2001-03-26','(433) 7482817','2019-04-11',13),(45,'Lennie Buscombe','1999-11-03','(885) 5499903','2019-02-03',6),(46,'Alejoa Vanacci','2000-04-14','(759) 4767583','2020-12-19',1),(47,'Augustin Tarbard','2000-12-19','(565) 7024929','2020-03-14',18),(48,'Allyson Loody','2001-02-12','(348) 5082816','2019-04-02',8),(49,'Marjie Piddle','2000-04-12','(399) 2433176','2019-08-19',12),(50,'Tory Leiden','2000-02-19','(871) 5736672','2019-10-14',4),(51,'Adelind Leamon','2001-10-30','(567) 9980416','2020-01-05',6),(52,'Nicky Goldstraw','2001-07-13','(916) 4171718','2019-04-17',9),(53,'Raviv Fumagall','2001-07-02','(180) 8254434','2019-03-08',5),(54,'Ogden Whitham','2000-11-17','(205) 9813066','2019-08-20',17),(55,'Emogene Basnett','2001-07-17','(352) 7606412','2020-06-21',4),(56,'Ros Tebb','2000-07-17','(776) 9452014','2019-04-13',15),(57,'Miguela Mc Pake','2001-11-05','(978) 4296750','2019-05-13',7),(58,'Northrup Harce','2001-08-22','(536) 7966025','2020-03-25',10),(59,'Lothaire Grayshan','2000-03-31','(468) 9395260','2021-06-16',12),(60,'Earle Ropartz','2000-03-25','(865) 6915300','2021-06-11',8),(61,'Abigael Indge','2000-01-01','(301) 5709617','2020-12-31',2),(62,'Luciana Baribal','2000-01-19','(539) 2551033','2020-03-02',9),(63,'Corenda Stannis','2001-10-24','(994) 4534097','2019-04-11',5),(64,'Ilse Ickovic','2000-01-09','(162) 6655216','2020-04-09',11),(65,'Salim Mully','2001-03-21','(336) 6385770','2021-03-22',17),(66,'Carling Moreno','2000-02-18','(993) 4702826','2020-03-08',12),(67,'Pansy Vader','1999-08-11','(451) 2665170','2020-05-08',14),(68,'Judie Claibourn','2000-03-20','(569) 7142430','2020-10-08',12),(69,'Karena Scatchar','2000-02-16','(512) 1931733','2019-09-02',11),(70,'Basilio Cominoli','2001-11-27','(373) 6948896','2020-06-10',11),(71,'Gae Brandrick','2001-12-27','(647) 1664109','2021-07-13',8),(72,'Jasper Ramsdell','2001-02-19','(383) 2940889','2021-08-01',16),(73,'Benito Quig','2001-05-18','(551) 8655678','2019-09-28',10),(74,'Elset Grishukhin','2000-09-17','(399) 7903367','2021-02-05',11),(75,'Rita Strongitharm','2000-11-26','(618) 8359541','2021-05-17',3),(76,'Raimondo Fabbro','2000-02-09','(449) 9327986','2020-07-10',16),(77,'Pancho Meryett','2001-03-09','(907) 6613358','2020-06-26',11),(78,'Nissa Kohnemann','2000-03-15','(828) 7836980','2020-02-22',5),(79,'Merrill Rraundl','2000-03-14','(811) 9568390','2020-02-29',9),(80,'Adina Jendas','2000-08-26','(138) 1908722','2020-06-12',14),(81,'Neall Kennerley','2000-12-28','(655) 1711437','2021-05-26',3),(82,'Cyndi Ruprich','2001-08-29','(206) 7684615','2020-11-24',20),(83,'Aloise Minard','1999-10-30','(574) 3038410','2020-02-03',12),(84,'Darby Paradyce','2001-09-03','(188) 8106910','2019-04-29',10),(85,'Antonietta Prendeville','2000-01-12','(727) 2902622','2021-01-30',17),(86,'Michale Emburey','1999-08-30','(246) 4479429','2019-08-16',6),(87,'Roze Lambrecht','2001-06-29','(144) 1248852','2020-01-12',14),(88,'Sylvan Brimner','1999-10-18','(832) 8564481','2021-08-17',2),(89,'Alena Stiffell','2001-12-25','(384) 5556003','2020-07-21',15),(90,'Romona Birnie','2000-10-15','(205) 5047901','2021-05-20',9),(91,'Mada Ambrozewicz','2001-01-14','(997) 4592488','2020-03-05',13),(92,'Penny Phizackarley','2000-12-04','(497) 5328769','2021-01-07',20),(93,'Jack Cawthra','1999-10-31','(887) 7980834','2020-12-04',8),(94,'Maxwell Crush','2000-12-09','(904) 1577096','2021-04-01',16),(95,'Rickie Thayre','2000-02-06','(602) 7060607','2019-06-24',1),(96,'Carlene Bushill','2000-01-14','(567) 5850755','2021-06-27',4),(97,'Cornelle Grave','2000-10-15','(426) 9344192','2021-04-18',3),(98,'Rustie Cant','2000-12-05','(169) 3361578','2019-08-13',3),(99,'Ferdinande Panyer','1999-11-28','(888) 9984301','2020-12-01',2),(100,'Kile Trevenu','2001-11-03','(861) 6083265','2020-07-29',19);
/*!40000 ALTER TABLE `personal` ENABLE KEYS */;
UNLOCK TABLES;

--
-- Table structure for table `photos`
--

DROP TABLE IF EXISTS `photos`;
/*!40101 SET @saved_cs_client     = @@character_set_client */;
/*!50503 SET character_set_client = utf8mb4 */;
CREATE TABLE `photos` (
  `id` bigint unsigned NOT NULL AUTO_INCREMENT,
  `object_profile_id` bigint unsigned NOT NULL,
  `file_name` varchar(50) NOT NULL,
  `size` int unsigned NOT NULL,
  PRIMARY KEY (`id`),
  KEY `object_profile_id` (`object_profile_id`),
  CONSTRAINT `photos_ibfk_1` FOREIGN KEY (`object_profile_id`) REFERENCES `object_profile` (`id`)
) ENGINE=InnoDB AUTO_INCREMENT=1001 DEFAULT CHARSET=utf8mb4 COLLATE=utf8mb4_0900_ai_ci;
/*!40101 SET character_set_client = @saved_cs_client */;

--
-- Dumping data for table `photos`
--

LOCK TABLES `photos` WRITE;
/*!40000 ALTER TABLE `photos` DISABLE KEYS */;
INSERT INTO `photos` VALUES (1,331,'vfUCMXWvy64',26),(2,345,'IdqCqjj24',13),(3,168,'GUTIWc4T1',27),(4,338,'iAnqmAal',29),(5,14,'wyYKow',24),(6,302,'z5K2IlhSntA',22),(7,181,'5JV9JJ',13),(8,214,'PeYJhivr3ij',18),(9,5,'z0uFb0Hj',31),(10,303,'M8xZGgUw1',28),(11,417,'aRwpXUCnxr',15),(12,228,'MfORHU',26),(13,137,'yhVYV6yK',29),(14,273,'h8l0QhQVod',12),(15,488,'RHjk52hX',24),(16,328,'HqXtpaZa',10),(17,59,'7sOITU',26),(18,86,'iUrik2k9cz',13),(19,353,'0LNz2wTk',32),(20,217,'qf19Ni',27),(21,404,'JoXQka3DZu',4),(22,133,'NcHIhK0J',26),(23,242,'b8zb1tYzjD',22),(24,87,'G9bg1cH78m',24),(25,458,'0TGv3s',11),(26,87,'CPDUZdd1iVP',18),(27,14,'oDoyKunwURRL',3),(28,441,'JZjaTSxx2TqD',19),(29,343,'IPXIIFw11YF',3),(30,221,'FC44M8dBtO36',11),(31,440,'Xo8oWg9DT6l',23),(32,211,'K8U05hki0G',21),(33,429,'OI2JsOIH6Sba',6),(34,313,'oUwYlU2bNWX',25),(35,434,'urKhVeoEE6',27),(36,395,'tzEMUnQsLHgH',21),(37,272,'zqJliCJWGZwv',7),(38,232,'C3DVa3',14),(39,8,'czT1zigM',19),(40,284,'jGIuXL0Q43iY',16),(41,149,'2fZsStUI7Cz',16),(42,351,'9ZRKUJN',18),(43,242,'LL4mznORG',12),(44,320,'ljgzmmBha',15),(45,449,'bpd2Shbk0',33),(46,258,'jvPb46F5fZ',23),(47,170,'WLYE0m',13),(48,303,'Lu8OzB',11),(49,457,'zDBH1UlL0',13),(50,476,'nqlAtnsF',25),(51,489,'4DGBFfoU',23),(52,365,'5WUAbDrRrqeU',14),(53,75,'j3yMlHa6',7),(54,338,'ck0ORUu',18),(55,243,'EOrFPLi3Wn',15),(56,331,'gCPdox',30),(57,142,'0LyEeOrEex',4),(58,304,'LQx6zO0',6),(59,93,'aMv6wq9QS',32),(60,404,'T9zyIh',25),(61,297,'vZ8Qz7n3f',12),(62,456,'4QAaM0F',21),(63,141,'CoLq0lY',13),(64,93,'b9IkOHaC7BNa',11),(65,227,'kduh0AOX9C',30),(66,310,'eSxhrTqr7mj',14),(67,250,'CzK5wtDYEl',30),(68,170,'LkMXlaM',21),(69,492,'E5juvNG49R',27),(70,35,'HfI68T',19),(71,111,'0F4ksYY1',17),(72,160,'WouwDnR',6),(73,136,'71nYiEJIwh',10),(74,312,'HtGifcYR',33),(75,107,'INRnB0W',3),(76,308,'pYZGogM',34),(77,377,'mJ439V2vFGv',12),(78,268,'FRCcN6GZQ6',26),(79,180,'RDUOh7eEv',13),(80,326,'YbIsQ4Wte',18),(81,115,'GxphjD',23),(82,428,'wf09yN',23),(83,238,'WNmqyUoICGN',19),(84,393,'LN9c1JQA6',20),(85,214,'Ra0zdK',15),(86,9,'DX6dioxNTb',3),(87,218,'PxU6Yhj56',12),(88,9,'SFrQcQ',35),(89,452,'N8vycIq8p',9),(90,478,'WH7ECeRyBCGB',16),(91,257,'g2QceqIix',14),(92,271,'1VafMh',32),(93,51,'ez6gwlvg4WB',31),(94,46,'35q0AKU9',6),(95,255,'Km4QN5w',21),(96,162,'tmPrhRy7jz',23),(97,310,'p5bJx223',28),(98,73,'AAeeaQJ8mdeq',28),(99,351,'vZgR296d',26),(100,363,'pCtIsyrUsy',14),(101,360,'XrnHnneb',4),(102,84,'UZ2zlF',32),(103,221,'1oy6d9',22),(104,439,'bqLu3E8',23),(105,261,'rSYZUm',8),(106,229,'VYmIzejV',29),(107,15,'Vnfx3tn',12),(108,495,'0YYDbOVHdrI',4),(109,126,'k95u36p5p',33),(110,312,'Gf7bXjbkPwre',15),(111,334,'Dwzrrqm',8),(112,72,'38a1AqQv',28),(113,74,'R7FEB7C2vg',20),(114,22,'sWzjKgZW',25),(115,237,'8ZlKhXhe0',10),(116,434,'KjB0xN',7),(117,477,'3GBIO6',34),(118,463,'3ZViDssaE',3),(119,56,'rtY9uMw',22),(120,98,'IKLoFNBDYy',19),(121,375,'MvhEuVk8',15),(122,410,'0xEuNKIwVR',30),(123,199,'Au52mavijD',35),(124,493,'Be9OxGJE',29),(125,140,'BW25DwWpkJRc',16),(126,221,'rGtoja8R',17),(127,316,'ngzxu82jXxC2',3),(128,444,'4wVGM2kh',23),(129,332,'eHvD6F9ILV',3),(130,340,'yTXZPSyPG',3),(131,389,'Hj0FO84rqOnX',22),(132,85,'mTPVv1C2',7),(133,354,'PrQ3kuUeO',14),(134,145,'jllnWhN',4),(135,102,'KxqoV6d3K',10),(136,182,'5wrfTj',14),(137,371,'tgC4XsSufgo',3),(138,177,'n1nvh9WvZIJz',9),(139,386,'rqQ2ukLnWLZ',26),(140,342,'pGTDSz5OCYI',31),(141,252,'Rs9HwY',5),(142,470,'NVLZu3D',3),(143,499,'1gQzN4',21),(144,88,'Gj8tOni',26),(145,345,'uu0GjTlDGMXQ',29),(146,344,'X2ivgcui',14),(147,244,'HfZy7iY',13),(148,178,'2JJAzwO2',22),(149,39,'UHWLd8',16),(150,203,'suLqD6oLZ',15),(151,326,'pX0hURB6i9',33),(152,26,'cfRqNK6uEMLV',31),(153,389,'WA8XtKA',15),(154,219,'Wy8vqVMMO',3),(155,403,'IjHxhpmF4S',19),(156,68,'0rqPsfCfQv',16),(157,213,'TiUJxFc0FrD',26),(158,318,'wTxxHAdd1nS',13),(160,194,'biF0kY',4),(161,195,'3EPmLB5M',3),(162,2,'YxZi91',19),(163,128,'0wmp2S',4),(164,341,'mn5sdVqq',34),(165,389,'cE24laWKuvi',26),(166,425,'RRpgXOC',29),(167,73,'dWJssSwXoKkF',20),(168,274,'YJ2NfQ3sjdq3',12),(169,405,'jFwjHK8dt9n',22),(170,215,'pUXV4ECT',13),(171,75,'UlEU7RU',20),(172,324,'4K10mpqos',20),(173,429,'0Qtfa2qvD',16),(174,477,'MduG7f5gNPD',7),(175,439,'TOAKp3XKvqk',31),(176,349,'5rc7iqkOlmBr',4),(177,148,'3CGWRi3hv',20),(178,172,'9r0S7khXvs1i',12),(179,140,'O0eaWh',22),(180,472,'XCFfKMltnT',33),(181,403,'vvBQahpeJ',11),(182,56,'3TIG1TjAauF',27),(183,367,'1k7HHCcO',20),(184,421,'t5bmsb',10),(185,474,'r9uRoiJD7Z',25),(186,55,'0LNfG4s4',19),(187,405,'8Dpsvn',27),(188,219,'VEiLPal2Z2hp',33),(189,210,'xJRtFCzpSrvs',35),(190,14,'qwmeJoHO0',24),(191,118,'J6JfGgRKd',29),(192,485,'3AV9nKcLx',8),(193,355,'CCnrjBqF',33),(194,138,'R3cJ4GT',27),(195,172,'Xqbadw4z',5),(196,166,'G6iFNs',32),(197,93,'DPLwQ8',17),(198,34,'2oOsV9g',7),(199,435,'gbMlxEkwO',22),(200,379,'dcBnsE',33),(201,110,'0UlhCFQzd',20),(202,108,'m0PC1aWQNqT',24),(203,442,'19vqIFWRXtg',13),(204,214,'8lZ2V5l',20),(205,263,'s0JRyuBjT',13),(206,416,'TaVQdbNmLEh',28),(207,462,'McFwjKoPYT4',9),(208,155,'uIRR8l',16),(209,404,'O4TypVz',28),(210,109,'VrCgca',25),(211,262,'H9j4ZU4f6g',7),(212,57,'0503N5',11),(213,339,'RSAu9NF5YF',19),(214,348,'aIUzyXS9UFob',8),(215,289,'sO378t3',34),(216,60,'8Tb9ZnyP',7),(217,225,'7qEilRZ8CqB5',18),(218,458,'wDI8K9AvYB8b',5),(219,201,'2jxvL1zzwcP',16),(220,482,'4nHVw9TI',31),(221,87,'mI6yWKd',19),(222,251,'EOiYQOhG9ZUU',14),(223,230,'pJuV8CeoA7JJ',22),(224,46,'zVk1V9p7yVR',20),(225,62,'9GrQwj',23),(226,473,'BvngRCEHic',22),(227,412,'hEX4rfO0g1K',22),(228,152,'WuwYjOhy1KL',32),(229,390,'Ihw2tT',8),(230,304,'N49MmtjSxFcb',19),(231,494,'iGnPU5U',21),(232,280,'gtGoIh8W',19),(233,355,'6kMRxuz',6),(234,305,'Ojypgz',8),(235,487,'ClaQVLMsVkWP',25),(236,200,'lSNsCQ',12),(237,64,'HnBnvO',15),(238,308,'j95d8d',5),(239,400,'W7tGt79L2HE',18),(240,190,'V6CfOy',31),(242,404,'hX1bvrnInRN',11),(243,86,'z8Si6D6zA4cQ',31),(244,470,'hpOzOZ',9),(245,275,'WXFbEVkhOB',13),(246,112,'hEygntqA3d',12),(247,69,'1WggJK',24),(248,191,'p0LqsU',11),(249,433,'HUtyTH0Glhy',25),(250,423,'PmGTAi',17),(251,261,'OB9tWwp7zK',35),(252,130,'UAfBxldzMqUv',6),(253,201,'vy8tFl',20),(254,234,'zos033ILVSkv',30),(255,280,'ecVvGaFfhE',34),(256,359,'2XG9NTEw4',12),(257,390,'qnijf1',29),(258,189,'ikTxOzTfMLM',15),(259,205,'FmSJaB',35),(260,248,'KdVIHv9Pak2',33),(261,205,'3pxol6M',14),(262,264,'zfuLK4I',19),(263,498,'NnriMm',15),(264,438,'oagtjkf',7),(265,145,'y6FKHzVlw8B',6),(266,308,'2eslZGdO',4),(267,378,'0IvC26K9p7PD',28),(268,20,'ueMPAVDkvls',18),(269,233,'oW3LN7kUU',5),(270,161,'SaVI8t',8),(271,358,'bYa4gz4r',33),(272,380,'OuliAM',31),(273,495,'NcTgK2pTwA',29),(274,213,'e5R4fCd1',19),(275,11,'5X9XMqvjH',34),(276,312,'zFzgoh',15),(277,203,'pmft9z',22),(278,389,'7Q7yE1xVnePa',7),(279,174,'tDxqm755t',23),(280,416,'HmIdFtmWhEVJ',22),(281,155,'k1nqoeqFW',23),(282,406,'DFGKPT',26),(283,374,'7T7mrJpS',16),(284,95,'OHvrBUJ9',32),(285,345,'72QNwZJe',26),(286,260,'OCgcUXggjb',7),(287,368,'I2q5XFZepTz',10),(288,312,'g7fI6D9WtO',4),(289,380,'MMhZsK990E',32),(290,245,'BpcYE4',27),(291,399,'zTug0X8wIY',5),(292,251,'ZQmy2e4jBj',15),(293,217,'N1wO0tcF',29),(294,282,'kLnHaZJChs',8),(295,22,'ZDRezKFj4Qq',26),(296,386,'hARuAF8dXi',18),(297,330,'O8aeyI',31),(298,372,'a0G3tBuILJJO',21),(299,488,'ErP7lQe',19),(300,390,'wo8ZwNAwA',11),(301,472,'e1vDr8GQXzeQ',6),(302,446,'efovpFYM',12),(303,59,'5lEB6Ndw',7),(304,496,'HOqUWU7',9),(305,367,'MTxOQngf',17),(306,315,'LFbkp8',18),(307,215,'KftHyJof',22),(308,357,'qvRFRs',29),(309,440,'stLjyh',3),(310,180,'5R1YraWN',4),(311,105,'j0580hWV6w',28),(312,184,'VQjRw1SjgXp',4),(313,226,'aORZzzBnn0Ak',24),(314,380,'Pk4gLb5OnGT9',7),(315,27,'w9jau3EIQB',23),(316,494,'BKQmBzQZ0B',4),(317,435,'gGIabf',27),(318,121,'DXsQW6I2',6),(319,395,'9mdI6o',3),(320,206,'D6CXE5jn8wI',4),(321,191,'7hRQpkM9U',17),(322,252,'6bkYABcl9',8),(323,498,'atxOCPaEvFP',9),(324,440,'cPccdhf',22),(325,181,'EWvbREu',26),(326,7,'pQ53PDG',18),(327,241,'3e2kahtH84le',5),(328,332,'fijhYme',16),(329,110,'Bx1iz0L',16),(330,114,'TF4rHq',18),(331,166,'98fRqT',7),(332,214,'gHcp4LiT',4),(333,427,'pVS8PnfE3O',26),(334,378,'lPVzVOvAQW',14),(335,265,'EjOoHwtdb2Mg',6),(336,146,'JYhqucFT',25),(337,350,'Gje6KNOhIDAu',8),(338,84,'ksOPrtFX1hV7',6),(339,244,'jZRIzsRh9vUG',9),(340,271,'0KPo0MzP',29),(341,123,'Z2gjtE',35),(342,264,'MDGMUNOE',22),(343,250,'yDCAsC0',4),(344,101,'snEg12J',14),(345,196,'cxoIxx1NPb',28),(346,345,'D6uWXSIwKjH',10),(347,416,'U6KL9AIsvG4P',13),(348,312,'5a6Hxnl2AGm',22),(349,3,'wHmmmBob',12),(350,31,'hfhMbz',7),(351,21,'1VGNHq',29),(352,227,'3YmbQgU7Gkd',13),(353,101,'U7YW2r',21),(354,318,'44P0CWBbc',32),(355,393,'WwvQdzEwC',19),(357,149,'5Hi04vbJiuL',14),(358,288,'KAEOCcMoxq61',21),(359,317,'hMrRg0dD',35),(360,436,'UH5UKb8KZ',26),(361,436,'NMkAsM',31),(362,62,'EYPIy8Ajj',6),(363,380,'LJivU2D',4),(364,273,'zZREaIY6',21),(365,265,'votEgiWVB',20),(366,223,'UsgRBu1vp',23),(367,337,'DUC30M4',26),(368,407,'O3kpJvQ',31),(369,112,'xXNvPVK0X',21),(370,403,'xYtdzIkjgPfs',30),(371,343,'uVVsNTg611',27),(372,461,'d7plJ20w',27),(373,110,'2T2fMe',16),(374,320,'SqtFjYHiYP',4),(375,478,'G0MRWD',34),(376,61,'WVKnZJSpR',19),(377,33,'TJag9G7XbyK',16),(378,87,'f5mymn731zok',27),(379,417,'zCj8k9NCh',20),(380,3,'VS47gOJ',27),(381,130,'NVhHIO6',33),(382,337,'zMpEWnf',24),(383,149,'KesPvoSXQMn5',32),(384,138,'0hRPDs',14),(385,143,'2Jrl8b',9),(386,150,'mbAyGUB',35),(387,91,'5NqGAbLg',7),(388,297,'CinU8NFZK0on',20),(389,488,'wgNqfU',4),(390,235,'PVj9j3EOR',20),(391,237,'nPFJ4PYvO',25),(392,190,'BStbSea3DkM',16),(393,275,'f7mK11Pz',28),(394,433,'OxkcxPC8m9',16),(395,303,'5Jd3Ic',14),(396,125,'8yIfLGzPk',31),(397,388,'aVzKVCD',35),(398,300,'2ZQUt32ZKTB',8),(399,419,'ovpk2SXp3ol',23),(400,473,'4GdKR1aFCuWc',10),(401,117,'GDWaWLx4gY',5),(402,103,'3wtJpStz',12),(403,349,'DEhQCEwEJfZK',13),(404,2,'Yvjx1O',33),(405,170,'HuPjwUpaPSH',13),(406,144,'ftnL1Pm',25),(407,137,'5TsGNovU9jlc',16),(408,83,'UX4eLvJ8ooBz',14),(409,23,'84mfm80M',11),(410,116,'MRRqtfRQ',24),(411,133,'nUq5VoS',20),(412,35,'Ia1jfEfa',15),(413,83,'MJ0ikFdd',29),(414,206,'gfr0svj4r',16),(415,115,'H2HsaMdi',27),(416,40,'ppMyk2k',9),(417,375,'BtM8ZEMq',7),(418,95,'5BL0PceWBXN7',6),(419,216,'alOqHFuTkh5',32),(420,425,'jsbv3yvwVW',17),(421,203,'fhu1mUki7X',29),(422,29,'JKSlGC7',20),(423,390,'GUSjWpPhhR9L',34),(424,102,'8QSXF0K6l',16),(425,44,'ooD56hbcb7NI',23),(426,450,'SvIvCqKggD',32),(427,62,'wrtIjQNOUaI0',21),(428,414,'Eei66z',27),(429,406,'MrOzMlUDgC',26),(430,290,'HtDDqFou',26),(431,386,'GbSr1Q8',16),(432,21,'RJ4impHIF',25),(433,381,'CILEsSwE',25),(434,396,'Gi00LxMEDG0p',15),(435,255,'AyEeYv62TxrQ',6),(436,109,'mseRr9GEzrE7',22),(437,290,'qgxuTT',5),(438,146,'x3OB77YP9Lh5',8),(439,179,'53ONmsY2',25),(440,334,'6cDus3nWcjWA',23),(441,418,'klQ72YIJq',15),(442,306,'hqVeh8t6Pc',29),(443,250,'zwCC2az',6),(444,37,'GggIFUp7xXC',12),(445,446,'Fsxnz0xkqBJ',16),(446,382,'TFf9syFb1B',20),(447,394,'LEz1uMON1g8',9),(448,189,'dtxTG5Oyw9',30),(449,57,'8IxfYPdKZo8v',12),(450,116,'QJDohOe0',34),(451,167,'ip4vE2rt',18),(452,453,'82DOoE',11),(453,234,'Ebt6G6eUY',11),(454,154,'4iyiMZ',6),(455,152,'fKMl5bSH',35),(456,148,'yWQiWY',22),(457,442,'8k5IXyLFQE',28),(458,487,'vsMr1GScm7T',24),(459,257,'ah0rBUV05',12),(460,241,'cLLD3o',26),(461,118,'nWzlW5zaqBt',33),(462,31,'c4oAtj',28),(463,3,'YqRbxlxhBfcv',18),(464,368,'fFheVmTIG8SG',19),(465,317,'7pmRpi4Fyk14',20),(466,338,'kRpqGrY',22),(467,237,'RjZ9XnKvMbe',32),(469,28,'1KwSeE',9),(470,64,'B3lA4wgffm',3),(471,136,'qvqYsyqAA',35),(472,52,'awjkQQoRDyL',18),(473,492,'cnXl2rQLPNX',9),(474,237,'q9tPV3',35),(475,143,'87q7e9',23),(476,400,'985pcA',22),(477,387,'Xnw6Pj7TY9Y',17),(478,395,'9Kt2v9',6),(479,187,'OC37dq',28),(480,156,'shylRjflGx',7),(481,81,'BjCbGprpd',29),(482,184,'uxPn1ct',29),(483,379,'lPaxaRrg4',5),(484,252,'6a7GX5OjU',18),(485,152,'EZi20asZLTww',19),(486,480,'b9r89VPpRPBK',26),(487,148,'lv7d7NldA',15),(488,220,'6uuKp8liGgK',3),(489,379,'HLonRU731dQT',19),(490,23,'xT9RkZ',28),(491,164,'HL3aFAo',27),(492,352,'t8R6TBJ0fceN',27),(493,430,'qTbOcinVH',17),(494,333,'NQJs8H',26),(495,474,'ngSFhod',34),(496,302,'Gg8GWrwB',30),(497,277,'kb4a0lfUrx6',31),(498,79,'80LXNx',7),(499,42,'3Non8IqPrzLS',4),(500,108,'ddc8p4jYXwHR',22),(501,268,'IUBGXFHLzet',12),(502,339,'QXRXLgsFPSw',26),(503,101,'dw5jw8CU',35),(504,32,'054pmrqipE',25),(505,436,'ggn1aOIpv0KB',27),(506,368,'hbgvD7',33),(507,24,'7pbueF7d',21),(508,451,'llShwwBb',34),(509,21,'jkrsHi8RZ',27),(510,145,'PnjvLT',25),(511,113,'Fh4R3Ks0r',18),(512,70,'t9qhrjByk',23),(513,272,'dV23l2BRc',23),(514,355,'12VdrAFe',26),(515,348,'zruasVEEIRW',27),(516,90,'DtlkcrF',12),(517,152,'tYS28ANb',7),(518,149,'DcuuToYFY',10),(519,256,'cUBfJ15NxLo',9),(520,406,'axwOAL6',33),(521,401,'nnxev161zJ',35),(522,349,'l4Tl8Pis',31),(523,34,'A2vMPDe',26),(524,440,'3m12RecL',7),(525,361,'ieFGUY5',18),(526,166,'uGioUYA',12),(527,10,'RV9kznwO',3),(528,286,'dMTbYJ7NGbf',20),(529,134,'CuzREkp4Vm1',35),(530,485,'Sh7WvLjx59',15),(531,281,'514OdWKfIGA',20),(532,210,'RbSvUsQt7Owd',3),(533,294,'HCWqgiPG',32),(534,217,'TLV7VWR',23),(535,498,'BvydAOBofh',31),(536,389,'jZpMO87AL',32),(537,329,'PO6kpl0AhKR',32),(538,37,'xCHawvTn',25),(539,363,'ICESVlQmyW1e',3),(540,204,'QviJ1v',9),(541,439,'0tDPb9awu',20),(542,133,'Xe3Ccn71BkHb',16),(543,180,'FgEjY10X',15),(544,338,'RSZ4OgOUx',23),(545,102,'8yHLvafP4LNq',16),(546,272,'PVVget6',9),(547,287,'OS5Fsw093',34),(548,3,'ZsGttVm',33),(549,480,'veQdKfn5V7L',22),(550,396,'ex4tF7',34),(551,83,'R0Zeo0MlbWtp',5),(552,236,'HSwuUzuH',4),(553,2,'dJvpUiwl0',7),(554,218,'q2sOG8Uhjvj',17),(555,290,'H9Md3j',31),(556,245,'wMqxe2',35),(557,308,'fNHA4Qy7',34),(558,357,'d3csCiH70',30),(559,442,'ZWchKt',34),(560,423,'V5df0UOFZ89',7),(561,383,'Cw8OdYc',16),(562,204,'sZtje7vg',30),(563,249,'VguU3XlibY',20),(564,140,'GV2JGF',19),(565,293,'WUcxz156',27),(566,276,'zJJLEilyCFy7',4),(567,220,'kYkGoUcj',22),(568,358,'c8OtKWwI7b',19),(569,254,'Zj1dnGiZQ',13),(570,351,'pnA8ox4',22),(571,115,'kMQgXijVv',30),(572,191,'Zs5A7i83',29),(573,246,'TQnZfl',11),(574,317,'RcEz3M17a',18),(575,285,'xHbZSewn1A',22),(576,127,'A5rfats6WD',26),(577,339,'viLl5Z4',30),(578,148,'qcj3gNvdiIao',19),(579,55,'wNZs9kT',35),(580,136,'wjDMuZyaXvQ3',12),(581,87,'dH3NJLOqd',9),(582,128,'5AXVvID',7),(583,73,'4DXx9o',24),(584,27,'2gv7GnWR',20),(585,300,'Y3jIxRa',4),(586,402,'ZBGeeyeSP',28),(587,261,'SwGbGASL',20),(588,435,'R0ZYQWFC',7),(589,361,'XMEencOiuPcF',11),(590,342,'AfD1BFcYj',4),(591,11,'HcGdvFlb',33),(592,124,'Z7A2hrJOjt',12),(593,208,'ETJ43Z7crTz',8),(594,342,'sDTNIttEDDxq',18),(595,340,'gUuBnVgL9T',21),(596,421,'n9Y633HK',9),(597,441,'omgvdryyz',29),(598,395,'7O6GLQRqyPzL',20),(599,495,'KKF6BB5BvBp',33),(600,367,'8h0PMUj',18),(601,71,'RekQLRd0Xa',3),(602,242,'v0ynryF',27),(603,245,'dfUowroQVsQs',5),(604,331,'BkAif1v16',28),(605,469,'8PQjX5g',4),(606,385,'0yT5dc',26),(607,125,'qTuVfpkjAH4G',3),(608,284,'FwK2FuwXbxPX',15),(609,278,'Xr9emT',10),(610,400,'kUDnuIxMrp',34),(611,357,'8zbutBal',9),(612,425,'cxJU4F0',9),(613,251,'T2CY2K0',24),(614,67,'G4eIzbDX5dgi',20),(615,201,'knXDcJF',18),(616,143,'Yae8Ib',31),(617,471,'OJ6kO7Vev',32),(618,68,'DseOiC',8),(619,194,'TyHKxFd4',25),(620,143,'hWQt0q0E5ev',32),(621,392,'P04h0dF52du',12),(622,494,'InIvQp',12),(623,70,'Gc5HasXba',31),(624,337,'FgDy98jzc',10),(625,202,'HTj7Bb',28),(626,400,'MnG4cAR',33),(627,183,'jQo6HmI8nXVy',11),(628,74,'0eXUxuUVIr',19),(629,121,'DUxnpZyU3t',10),(630,362,'MK94bqM1tOZ',16),(631,392,'YU2oJfkvmnz7',25),(632,213,'nVlHHUR',7),(633,487,'8b0E83',34),(634,168,'Ea8Smg',5),(635,139,'V4H1KrffZcD',13),(636,329,'URuND6wKSbE',28),(637,317,'aHd8VdoVo',22),(638,387,'TH6c3nUOTMM',22),(639,375,'06VNCbv',33),(640,47,'bag7rNkNQ7O',5),(641,43,'hZ7xiFTaqXXo',25),(642,251,'881V7pbh',33),(643,250,'IstQCMt',4),(644,408,'phvDej',6),(645,388,'5Nf8TiRVZR',35),(646,161,'alSsQLFk',3),(647,428,'7MZ5xYy',6),(648,88,'pSyRZfSKs',23),(649,268,'aPQJHMJb',19),(650,292,'8kTs1enw2Nm',24),(651,200,'lF6xqGuJ4FXE',22),(652,303,'SUQr42gAd',6),(653,66,'fzjountMNw7m',19),(654,32,'4QaEdUeeolC',27),(655,166,'pwFWFRkj',16),(656,363,'EMmXvvr3Ety',35),(657,92,'MqvVZOcE8HkS',27),(658,119,'C5pVFPgiB0g',26),(659,478,'AArC0YV',20),(660,52,'ub0dGsc',33),(661,271,'rRqXmAZsmCv',28),(662,31,'HKOJ8BLrcF',21),(663,184,'hmUaHEtP',16),(664,359,'ifzR4D4Z7qyp',20),(665,150,'dSk3w9LJ66J',15),(666,154,'lr9Jy8KtxT',21),(667,288,'83gMNcPyypJS',10),(668,328,'vUWnpf9',12),(669,491,'KLBnoPUcLv6',8),(670,71,'AMMlB0KoY',15),(671,376,'aiukIgW',6),(672,413,'AtL1SNri0bvt',27),(673,250,'3AuLTidquP',9),(674,98,'Fhia5lIriX',13),(675,482,'oastZ3WWl7bQ',16),(676,354,'4vLdFGGTQqYz',20),(677,61,'SrTT7RiQTh',28),(678,93,'PGFNKth3l',6),(679,324,'274YYyg31Eb',32),(680,320,'ghNJxXBaE',12),(681,267,'fDjk0zzqL',6),(682,223,'axSYSGQ',35),(683,149,'H77Am1',22),(684,393,'IEhZxeHKqYH',18),(685,341,'5CblNNkb6',10),(686,442,'Rtlx9V',8),(687,453,'pXz7TyNAuT',20),(688,219,'Q4JZiGUNiX',20),(689,46,'u8ulDd',15),(690,279,'tY3hOhOcO7',33),(691,35,'c4kKZcw02g7G',20),(692,2,'xKqL2M3',4),(693,134,'LTAZP9YiPRx',12),(694,377,'4r3pf6r',25),(695,84,'WpOw35AYW',28),(696,132,'uT5saohc',30),(697,24,'2TntE2zoqQ',14),(698,476,'otnQsPfaUB4',20),(699,157,'GuqRnrguuq',31),(700,72,'ibxQqSKZ',31),(701,368,'BTUcQB9iB4',11),(702,426,'mRdyXnTq',33),(703,257,'2Ne7Hmxc',17),(704,294,'ho6epKQjpz6',11),(705,284,'coBQZSuw',27),(706,432,'CGZnR5DXUkI',5),(707,221,'G6GgCgDPil1',11),(708,162,'UCRNhF',23),(710,234,'qtyOoAouY',4),(711,379,'i5JZchK',26),(712,419,'Aa0MFZ',20),(713,175,'HKqH3WxR',13),(714,408,'Kc3t134',30),(715,46,'ZvPGXzv',17),(716,443,'4QPPwe',15),(717,335,'BPhbsQNH6R',15),(718,278,'HO2vbS',9),(719,319,'Xq4ZRCKU',18),(720,274,'yiRw4kKYP0i',7),(721,264,'G79TyJ',10),(722,254,'TRycPu54m4id',5),(723,361,'FjFLOQEThG',17),(724,59,'DLkhc1TJ',24),(725,189,'JkT6Ik1ybR',16),(726,35,'x4nPSmjcSJt',24),(727,456,'7qyMtOO4wS',34),(728,345,'4dMHto',7),(730,293,'5sczSG8s9',13),(731,221,'D27xKA',4),(732,126,'J8LyV8Dd',7),(733,198,'RLMUztuxo',29),(734,243,'7x801SW',17),(735,283,'WyrlosCyja',33),(736,473,'M6sxrb',18),(737,423,'g8yrEnS9XY',4),(738,212,'7nBfOavU',18),(739,215,'JYefcVEun',34),(740,127,'ABgwWibetXIE',33),(741,419,'RHfag1',3),(742,435,'SeTR3XnSdAzz',4),(743,117,'mc6Vvid',8),(744,280,'6ys9FQ',31),(745,280,'6f981NfyGMA',8),(746,319,'nfPDvRCQEO',23),(747,66,'MfOpUD',16),(748,419,'BrJL2kdH3',26),(749,202,'ZVjz5Mixd5z',6),(750,73,'HmHzCYMXH3',13),(751,426,'qgesm4D',18),(752,408,'Mt7InoUaU1n',27),(753,128,'ajyRMer6N',15),(754,276,'GmgEywIu7gho',20),(755,292,'Ec22Qf9P',34),(756,287,'xgjEjMaCq',4),(757,166,'nudvNR',3),(758,479,'um3Whs6BcuA',13),(759,152,'QfsAHK4tHs',4),(760,414,'lxaLYjsMe',34),(761,444,'x33g0xE9q32e',34),(762,463,'WQrKLINV',28),(763,393,'uzban2xNPP',29),(764,495,'A14xyE8tbpU',8),(765,120,'QXkvK3',10),(766,304,'4YxeoyWhNf',34),(767,426,'OnmnYDAko',13),(768,58,'o63B7c3',10),(769,469,'8jpyEIXzC1',33),(770,79,'RjfNKWoD',7),(771,248,'uweO7YaayJbC',24),(772,42,'CGbfQU2QmQnU',22),(773,170,'B1nc4EDck',30),(774,182,'dnOZtUEN',29),(775,357,'Dnkv7rJkcFp',12),(776,327,'q43qWSZw6Ip',17),(777,171,'G1ZPMVB3',4),(778,80,'2ppN9kTlXyM',14),(779,466,'3Jq8BZm0WC',25),(780,12,'vquEhPOD',34),(781,399,'rSlDJVQA5',3),(782,188,'Fmp7FHpGqn33',11),(783,207,'WCZc6PK',4),(784,138,'zouK1W1ot',21),(785,75,'NunSVHmHPO',27),(786,112,'1yc5aEFp68n',5),(787,86,'X6aXTDP7t',9),(788,108,'VF0zvrzCFkQ',16),(789,350,'Gptw1DN',29),(790,324,'zVaDaCoatL',14),(791,54,'myiIViJtwmMw',32),(792,156,'dp4XHGOkpj',8),(793,106,'fClGjSp1qZT',32),(794,323,'PyRupl',24),(795,317,'bwJLfiPj0',3),(796,245,'kAF2ugp6',23),(797,480,'4cU53p',10),(798,361,'gUdxFduPldhL',8),(799,199,'DC9l2wa',6),(800,252,'5enEBK',14),(801,250,'UDqdKN2M',14),(802,390,'YNsjxC',15),(803,280,'B8sAl1zWU0',32),(804,476,'o2BKHTk',27),(805,50,'KjRMAqQBALPy',14),(806,49,'QI0Dozxd',33),(807,457,'jKZHyneqmXG',28),(808,150,'OyQ8oir',19),(809,70,'7T6B4dhJNpy',26),(810,393,'sdx15lC',21),(811,310,'Ce7V1S2RH',34),(812,350,'fprECXvWRjK9',26),(813,206,'njDRb0',30),(814,55,'Sn3bGlAto',5),(815,209,'HOvZpAcu9',8),(816,172,'d0uoI1OG88DX',23),(817,295,'lcOcSSQJ',8),(818,408,'ADZvt9E',32),(819,110,'GdnAewpAG',13),(820,135,'6nK9fEy0',12),(821,449,'cy3m4IZX',27),(822,480,'h9t3QSJZ',20),(823,134,'qV2HWEd',24),(824,225,'7S9bGQdHc8jr',7),(825,483,'w3tQAIW5',33),(826,176,'mQ8YZhU',6),(827,71,'TR6ViKAuh',19),(828,144,'lQJOgHTGCX',22),(829,393,'hElju24',16),(830,464,'ySW4JyFh',16),(831,214,'wqgdwprl',23),(832,329,'6yUGtKopS',28),(833,310,'zQv2PP2YnwBM',14),(834,365,'QBQmDstT',13),(835,423,'vZpRC6aT',3),(836,39,'vLW3HJK3',25),(837,416,'ZRr8qoD',26),(838,40,'dZNKZAyM',24),(839,163,'ijwelu4',21),(840,487,'q2MbWa',18),(841,121,'yvmzZj',32),(842,115,'1awFh2',31),(843,201,'eNF1HK',26),(844,369,'Bv13VppX9IH',18),(845,189,'rqjDEYDh',3),(846,470,'DcW3yyFmArnq',8),(848,43,'MZ9cPEV3FzU',14),(849,466,'weenOyOEa',6),(850,70,'66ZjM8N',20),(851,390,'rHpLECFELZem',21),(852,307,'1ZBh6ss',13),(853,478,'agrph2nVWMe',31),(854,372,'lCK3eD',33),(855,307,'IUMKxh19TT',28),(856,440,'GHOtPoVTEc',17),(857,181,'knOGmVuCuM6',18),(858,430,'Vmq0O0I',15),(859,441,'XUGMzZaU',12),(860,438,'PS5k8iYxWP',30),(861,52,'o9FHZOai',19),(862,262,'7Kuib6dTfjC',33),(863,437,'Fasb38r',5),(864,423,'qlPM2XdNw',32),(865,413,'UvAiBEFU8UX',34),(866,437,'rC0nJCbe4Uws',4),(867,90,'7GXaSg1wU',25),(868,115,'uM0zVC',16),(869,494,'HJEa0zy6ZL',7),(870,224,'GIQtE9l7B3',13),(871,383,'fB4F0Q2dtO',11),(872,74,'pN2S8r',29),(873,381,'THXFLVfUZF2',18),(874,400,'D0vNxi16P14x',23),(875,12,'OKKFkM3lWjZj',20),(876,431,'LyeGuygywX',29),(877,434,'r29OjWd',15),(878,466,'MWakwwsXjc',20),(879,182,'Wj1CaZXxQy',3),(880,168,'6bbIfsXhuOT',16),(881,22,'hNXWxAmfSIfA',30),(882,480,'QSlx1S',10),(883,51,'I6bO23gDUUaP',4),(884,356,'0F7cs2O77Y',33),(885,400,'gJRULD',24),(886,338,'QvwXxZ2uHYK2',13),(887,477,'dI6Y73',4),(888,471,'9F3SPsYYSfZ7',25),(889,433,'Q7BE0oKuO6',23),(890,411,'C5l64B',9),(891,132,'dRMw05',22),(892,127,'zKcuC8XxK8Q',32),(893,459,'Aq4gXMKCRpr',22),(894,192,'BZ3CEiXZTZO',22),(895,60,'9PjAQmDz',22),(896,363,'RTw9WZY075kV',26),(897,54,'X5J15Gxncf',14),(898,243,'irm425s8',25),(899,33,'csaFEzvjbRT',9),(900,152,'Oc5lUF8',10),(901,185,'k70gKCOzsD',23),(902,153,'dpLuO2LGexf',18),(903,415,'fqUOlozkV',30),(904,140,'Z6KwHO2OrTV',12),(905,127,'LbPYpQcL',15),(907,136,'8nifDMj1',9),(908,153,'EOkR2KSq',24),(909,329,'Hc2yxQtJ',15),(910,493,'rZ3w3cYGo',19),(911,349,'6owQQ1D81m',13),(912,195,'qMz8GWb1',13),(913,167,'PPmIUPKUNq',34),(914,169,'ORwzBv2EXGB',9),(915,105,'82vrAGQbkGUJ',5),(916,246,'20gGdDa0x',31),(917,228,'ECBZPYaGTKx',11),(918,399,'JYjZSMuHGnR',3),(919,237,'T7OemR5S6Bk',6),(920,107,'ZhAO818b2Lkq',10),(921,162,'Sebkt6yUhd',15),(922,415,'ZeAxsJM',6),(923,418,'9nCcf00eUjIF',22),(924,395,'Nmqp5T',21),(925,125,'YcLy2gZS6o',25),(926,115,'QJulwr',28),(927,150,'Hdeyixv2c2Z',14),(928,468,'pwy6bwTHWzQ',24),(929,228,'uhUecDMM2U',31),(930,168,'Fh4kTj2Mz',19),(931,33,'f0QZGphhcPw0',11),(932,409,'vfn6FMReV5V',18),(933,192,'d1PiRcJp',21),(934,229,'JUzC0kBMOXF',24),(935,279,'txB6gYbxPx',5),(936,435,'cSpPfOykeo',20),(937,12,'Bd1YNXmM',22),(938,72,'7fcI6HjN5WC',18),(939,488,'lRqqq1BAxsp',4),(940,89,'NHJRedbINB',29),(941,73,'BILxvl5bgQz',3),(942,448,'10dJcc1Td',11),(943,396,'iqn6ZD',33),(944,357,'Uk0peJfLAIJ',18),(945,119,'7EEpYDg45',15),(946,478,'Ga0cH4i',27),(947,300,'59BV6a6M',5),(948,236,'XKQiLJbgXbOU',28),(949,281,'SH4VBniid',4),(950,372,'ktqz97G8',20),(951,401,'bnifV13Dc',31),(952,185,'jQDzLYb',10),(953,464,'AaE2y4AFE0E4',8),(954,36,'Jz6eYKftLD',23),(955,250,'KipBA6H',20),(956,399,'CPAh6V15nwr9',16),(957,487,'cFwAdMg',20),(958,116,'LQ9flGQGy1',4),(959,311,'ayCM6J90OULM',18),(960,64,'EImR2rPsrsVW',15),(961,207,'EEln3Lqr5',17),(962,433,'1RMGIO4KMXY1',24),(963,465,'vRKa4V4zi',7),(964,125,'Vq1CWBI',24),(965,185,'CgsTjMKh',25),(966,70,'0frKPyGrD',20),(967,293,'lXZp5pnN96',25),(968,237,'4Jb1zRnex',26),(969,59,'5gayubgRXpO',11),(970,476,'LzHhPbF',35),(971,321,'29Uqai',13),(972,269,'HUKlT5bGXL',31),(973,89,'uMhzVh',19),(974,254,'64dBWI6O',5),(975,182,'QkxnrA2d4nF',18),(977,438,'rBZ6uPIpSgjt',26),(978,106,'Zecsn47',24),(979,46,'34YNTJZhH',11),(980,287,'ZVgMBQ2g0c',9),(981,227,'HOylSbi',16),(982,412,'XEeXQkOinY',12),(983,213,'2OATd09',6),(984,87,'Blx5c8',16),(985,413,'kRB0ujLMfLa',14),(986,445,'gCPRKCHokw',24),(987,470,'zaLRyfRH',29),(988,35,'dvFlqKSgo7oh',26),(989,20,'2LToZR',30),(990,65,'RLauJeCsuRDr',3),(991,490,'Moaqu4EVet',5),(992,310,'qF9Kov',3),(993,361,'nyHveFP',22),(994,138,'62NPKLK8TBRm',29),(995,104,'6blEfUxRMPP',21),(996,446,'aJ6bjIh',22),(997,279,'KkFSqIeu7ky',16),(998,2,'ajAMxb',20),(999,329,'p1gP17Fr',5),(1000,369,'VE0ngMz3smJ',15);
/*!40000 ALTER TABLE `photos` ENABLE KEYS */;
UNLOCK TABLES;

--
-- Table structure for table `top_deals`
--

DROP TABLE IF EXISTS `top_deals`;
/*!40101 SET @saved_cs_client     = @@character_set_client */;
/*!50503 SET character_set_client = utf8mb4 */;
CREATE TABLE `top_deals` (
  `about_deal` varchar(20) NOT NULL,
  `personal_name` varchar(20) NOT NULL,
  `the_result` decimal(10,0) NOT NULL,
  `type_result` enum('money','hour') DEFAULT NULL,
  PRIMARY KEY (`about_deal`)
) ENGINE=InnoDB DEFAULT CHARSET=utf8mb4 COLLATE=utf8mb4_0900_ai_ci;
/*!40101 SET character_set_client = @saved_cs_client */;

--
-- Dumping data for table `top_deals`
--

LOCK TABLES `top_deals` WRITE;
/*!40000 ALTER TABLE `top_deals` DISABLE KEYS */;
INSERT INTO `top_deals` VALUES ('The biggest encome','Ron Housecraft',41035,'money'),('The fustest deal','Ron Housecraft',721,'hour');
/*!40000 ALTER TABLE `top_deals` ENABLE KEYS */;
UNLOCK TABLES;

--
-- Final view structure for view `all_info_about_active_objects`
--

/*!50001 DROP VIEW IF EXISTS `all_info_about_active_objects`*/;
/*!50001 SET @saved_cs_client          = @@character_set_client */;
/*!50001 SET @saved_cs_results         = @@character_set_results */;
/*!50001 SET @saved_col_connection     = @@collation_connection */;
/*!50001 SET character_set_client      = utf8mb4 */;
/*!50001 SET character_set_results     = utf8mb4 */;
/*!50001 SET collation_connection      = utf8mb4_0900_ai_ci */;
/*!50001 CREATE ALGORITHM=UNDEFINED */
/*!50013 DEFINER=`Kakorinis`@`localhost` SQL SECURITY DEFINER */
/*!50001 VIEW `all_info_about_active_objects` AS select `o`.`id` AS `id`,`o_t`.`type` AS `object type`,`d_t`.`type` AS `deal type`,`o_p`.`square_meters` AS `square_meters`,`o_p`.`price` AS `price`,`o_i`.`state` AS `state`,`o_p`.`city` AS `city`,`o_p`.`adress` AS `adress`,`p`.`name` AS `rieltor`,`o_p`.`owner` AS `owner`,`o_p`.`phone_owner` AS `phone_owner` from (((((`objects` `o` join `object_profile` `o_p` on((`o`.`id` = `o_p`.`id`))) join `deal_type` `d_t` on((`o`.`deal_type_id` = `d_t`.`id`))) join `object_type` `o_t` on((`o`.`object_type_id` = `o_t`.`id`))) join `personal` `p` on((`o`.`personal_id` = `p`.`id`))) join `offices_info` `o_i` on((`p`.`office` = `o_i`.`id`))) where (`o`.`status` = 'active') */;
/*!50001 SET character_set_client      = @saved_cs_client */;
/*!50001 SET character_set_results     = @saved_cs_results */;
/*!50001 SET collation_connection      = @saved_col_connection */;

--
-- Final view structure for view `commerce`
--

/*!50001 DROP VIEW IF EXISTS `commerce`*/;
/*!50001 SET @saved_cs_client          = @@character_set_client */;
/*!50001 SET @saved_cs_results         = @@character_set_results */;
/*!50001 SET @saved_col_connection     = @@collation_connection */;
/*!50001 SET character_set_client      = utf8mb4 */;
/*!50001 SET character_set_results     = utf8mb4 */;
/*!50001 SET collation_connection      = utf8mb4_0900_ai_ci */;
/*!50001 CREATE ALGORITHM=UNDEFINED */
/*!50013 DEFINER=`Kakorinis`@`localhost` SQL SECURITY DEFINER */
/*!50001 VIEW `commerce` AS select `o_t`.`type` AS `type`,`o_p`.`square_meters` AS `square_meters`,`o_p`.`price` AS `price`,`o_i`.`state` AS `state`,`o_p`.`city` AS `city` from ((((`object_profile` `o_p` join `objects` `o` on((`o_p`.`id` = `o`.`id`))) join `object_type` `o_t` on((`o`.`object_type_id` = `o_t`.`id`))) join `personal` `p` on((`o`.`personal_id` = `p`.`id`))) join `offices_info` `o_i` on((`p`.`office` = `o_i`.`id`))) where ((`o_t`.`type` = 'commerce') and (`o_p`.`price` < 1000000)) group by `o_p`.`id` order by `o_p`.`price` */;
/*!50001 SET character_set_client      = @saved_cs_client */;
/*!50001 SET character_set_results     = @saved_cs_results */;
/*!50001 SET collation_connection      = @saved_col_connection */;
/*!40103 SET TIME_ZONE=@OLD_TIME_ZONE */;

/*!40101 SET SQL_MODE=@OLD_SQL_MODE */;
/*!40014 SET FOREIGN_KEY_CHECKS=@OLD_FOREIGN_KEY_CHECKS */;
/*!40014 SET UNIQUE_CHECKS=@OLD_UNIQUE_CHECKS */;
/*!40101 SET CHARACTER_SET_CLIENT=@OLD_CHARACTER_SET_CLIENT */;
/*!40101 SET CHARACTER_SET_RESULTS=@OLD_CHARACTER_SET_RESULTS */;
/*!40101 SET COLLATION_CONNECTION=@OLD_COLLATION_CONNECTION */;
/*!40111 SET SQL_NOTES=@OLD_SQL_NOTES */;

-- Dump completed on 2021-10-12 21:09:45
